ISO-10303-21;
HEADER;
FILE_DESCRIPTION(('ViewDefinition[DesignTransferView]'),'2;1');
FILE_NAME('/dev/null','2026-08-03T16:31:07+01:00',(''),(''),'IfcOpenShell 0.8.6-alpha260801','IfcOpenShell 0.8.6-alpha260801','Nobody');
FILE_SCHEMA(('IFC4'));
ENDSEC;
DATA;
#1=IFCPROJECT('3F_3n7Q5f6z8EPeEeYOWkG',$,'My Project',$,$,$,$,(#10,#22),#5);
#2=IFCSIUNIT(*,.LENGTHUNIT.,$,.METRE.);
#3=IFCSIUNIT(*,.AREAUNIT.,$,.SQUARE_METRE.);
#4=IFCSIUNIT(*,.VOLUMEUNIT.,$,.CUBIC_METRE.);
#5=IFCUNITASSIGNMENT((#3,#4,#2));
#6=IFCCARTESIANPOINT((0.,0.,0.));
#7=IFCDIRECTION((0.,0.,1.));
#8=IFCDIRECTION((1.,0.,0.));
#9=IFCAXIS2PLACEMENT3D(#6,#7,#8);
#10=IFCGEOMETRICREPRESENTATIONCONTEXT($,'Model',3,1.E-05,#9,$);
#11=IFCGEOMETRICREPRESENTATIONSUBCONTEXT('Body','Model',*,*,*,*,#10,$,.MODEL_VIEW.,$);
#12=IFCGEOMETRICREPRESENTATIONSUBCONTEXT('Axis','Model',*,*,*,*,#10,$,.GRAPH_VIEW.,$);
#13=IFCGEOMETRICREPRESENTATIONSUBCONTEXT('Box','Model',*,*,*,*,#10,$,.MODEL_VIEW.,$);
#14=IFCGEOMETRICREPRESENTATIONSUBCONTEXT('Annotation','Model',*,*,*,*,#10,$,.SECTION_VIEW.,$);
#15=IFCGEOMETRICREPRESENTATIONSUBCONTEXT('Annotation','Model',*,*,*,*,#10,$,.ELEVATION_VIEW.,$);
#16=IFCGEOMETRICREPRESENTATIONSUBCONTEXT('Annotation','Model',*,*,*,*,#10,$,.MODEL_VIEW.,$);
#17=IFCGEOMETRICREPRESENTATIONSUBCONTEXT('Annotation','Model',*,*,*,*,#10,$,.PLAN_VIEW.,$);
#18=IFCGEOMETRICREPRESENTATIONSUBCONTEXT('Profile','Model',*,*,*,*,#10,$,.ELEVATION_VIEW.,$);
#19=IFCCARTESIANPOINT((0.,0.));
#20=IFCDIRECTION((1.,0.));
#21=IFCAXIS2PLACEMENT2D(#19,#20);
#22=IFCGEOMETRICREPRESENTATIONCONTEXT($,'Plan',2,1.E-05,#21,$);
#23=IFCGEOMETRICREPRESENTATIONSUBCONTEXT('Axis','Plan',*,*,*,*,#22,$,.GRAPH_VIEW.,$);
#24=IFCGEOMETRICREPRESENTATIONSUBCONTEXT('Body','Plan',*,*,*,*,#22,$,.PLAN_VIEW.,$);
#25=IFCGEOMETRICREPRESENTATIONSUBCONTEXT('Annotation','Plan',*,*,*,*,#22,$,.PLAN_VIEW.,$);
#26=IFCGEOMETRICREPRESENTATIONSUBCONTEXT('Annotation','Plan',*,*,*,*,#22,$,.REFLECTED_PLAN_VIEW.,$);
#27=IFCSITE('3TBBMWytz32vbqpPuZA_w8',$,'My Site',$,$,#50,$,$,$,$,$,$,$,$);
#33=IFCBUILDING('3u_G5v1x1EcwD1OEUV30$y',$,'My Building',$,$,#56,$,$,$,$,$,$);
#39=IFCBUILDINGSTOREY('39zfiUKz1BfhszDxp0sPSd',$,'Ground Floor',$,$,#62,$,$,$,0.);
#45=IFCRELAGGREGATES('3UdtvYS$v75hf59lLVZ5Zl',$,$,$,#1,(#27));
#46=IFCCARTESIANPOINT((0.,0.,0.));
#47=IFCDIRECTION((0.,0.,1.));
#48=IFCDIRECTION((1.,0.,0.));
#49=IFCAXIS2PLACEMENT3D(#46,#47,#48);
#50=IFCLOCALPLACEMENT($,#49);
#51=IFCRELAGGREGATES('2pX5JZfu57HOV2EHRUQTcq',$,$,$,#27,(#33));
#52=IFCCARTESIANPOINT((0.,0.,0.));
#53=IFCDIRECTION((0.,0.,1.));
#54=IFCDIRECTION((1.,0.,0.));
#55=IFCAXIS2PLACEMENT3D(#52,#53,#54);
#56=IFCLOCALPLACEMENT(#50,#55);
#57=IFCRELAGGREGATES('05988TcRnC28wD7$GL1zJO',$,$,$,#33,(#39,#63));
#58=IFCCARTESIANPOINT((0.,0.,0.));
#59=IFCDIRECTION((0.,0.,1.));
#60=IFCDIRECTION((1.,0.,0.));
#61=IFCAXIS2PLACEMENT3D(#58,#59,#60);
#62=IFCLOCALPLACEMENT(#56,#61);
#63=IFCBUILDINGSTOREY('0myEPAyun6QuzR5jQ6wtlz',$,'First Floor',$,$,#2931,$,$,$,2.6);
#64=IFCWALLTYPE('2cgDUc$ej01gJhJCbE3ogL',$,'Cavity Wall 300mm',$,$,$,$,$,$,.NOTDEFINED.);
#65=IFCMATERIALLAYERSET((#67),'Cavity Wall 300mm',$);
#66=IFCMATERIAL('Brick/Block',$,'brick');
#67=IFCMATERIALLAYER(#66,0.3,$,$,$,$,$);
#68=IFCRELASSOCIATESMATERIAL('0CB1wuI5P2Dvi___o$s4fU',$,$,$,(#64),#65);
#69=IFCSLABTYPE('2Jvx9jeKn1igqPq98csa5U',$,'Concrete Slab 200mm',$,$,$,$,$,$,.NOTDEFINED.);
#70=IFCMATERIALLAYERSET((#72),'Concrete Slab 200mm',$);
#71=IFCMATERIAL('Concrete',$,'concrete');
#72=IFCMATERIALLAYER(#71,0.2,$,$,$,$,$);
#73=IFCRELASSOCIATESMATERIAL('2vUZsymUz0UfTZolNRKZ7R',$,$,$,(#69),#70);
#75=IFCRELCONTAINEDINSPATIALSTRUCTURE('37rxOxbkr2hhhWhQX9c1Yr',$,$,$,(#926,#1958,#2008,#2058,#1933,#1983,#2033,#2083),#39);
#76=IFCRELDEFINESBYTYPE('2WGy2YIEf89hN5w1IGYry_',$,$,$,(#1958,#2358,#2008,#2283,#1933,#2058,#2333,#1983,#2408,#2383,#2033,#2433,#2308,#2083),#64);
#419=IFCRELCONTAINEDINSPATIALSTRUCTURE('2bwUg2tvnEPAq5EcYLugtW',$,$,$,(#2358,#1702,#2408,#2283,#2333,#1111,#1101,#963,#2383,#2433,#2308,#878,#1713,#945),#63);
#761=IFCCARTESIANPOINTLIST3D(((4.762899875640869,-6.495299816131592,4.884099960327148),(3.0736000537872314,-3.2629001140594482,5.096399784088135),(-0.5602999925613403,-1.5198999643325806,6.7555999755859375),(1.9522000551223755,-7.713900089263916,6.862199783325195)));
#762=IFCINDEXEDPOLYGONALFACE((4,2,1));
#763=IFCINDEXEDPOLYGONALFACE((2,4,3));
#764=IFCPOLYGONALFACESET(#761,$,(#762,#763),$);
#765=IFCCARTESIANPOINTLIST3D(((3.721299886703491,1.3759000301361084,7.409599781036377),(2.230600118637085,4.595900058746338,5.096399784088135),(1.174399971961975,1.2378000020980835,6.9481000900268555),(-3.662100076675415,-1.5772000551223755,7.409599781036377),(-2.551800012588501,3.3642001152038574,5.096399784088135),(-5.4496002197265625,2.105299949645996,5.074900150299072),(-5.2270002365112305,1.4459999799728394,5.472400188446045)));
#766=IFCINDEXEDPOLYGONALFACE((1,3,2));
#767=IFCINDEXEDPOLYGONALFACE((4,3,1));
#768=IFCINDEXEDPOLYGONALFACE((4,5,3));
#769=IFCINDEXEDPOLYGONALFACE((4,6,5));
#770=IFCINDEXEDPOLYGONALFACE((6,4,7));
#771=IFCPOLYGONALFACESET(#765,$,(#766,#767,#768,#769,#770),$);
#772=IFCCARTESIANPOINTLIST3D(((-0.5602999925613403,-1.5198999643325806,6.7555999755859375),(3.0736000537872314,-3.2629001140594482,5.096399784088135),(5.517000198364258,-2.32450008392334,4.986400127410889),(3.721299886703491,1.3759000301361084,7.409599781036377),(-3.662100076675415,-1.5772000551223755,7.409599781036377),(-2.0297000408172607,-5.1031999588012695,5.096399784088135),(-3.414099931716919,-2.4697999954223633,6.859099864959717)));
#773=IFCINDEXEDPOLYGONALFACE((1,3,2));
#774=IFCINDEXEDPOLYGONALFACE((1,4,3));
#775=IFCINDEXEDPOLYGONALFACE((1,5,4));
#776=IFCINDEXEDPOLYGONALFACE((6,5,1));
#777=IFCINDEXEDPOLYGONALFACE((5,6,7));
#778=IFCPOLYGONALFACESET(#772,$,(#773,#774,#775,#776,#777),$);
#779=IFCCARTESIANPOINTLIST3D(((1.9522000551223755,-7.713900089263916,6.862199783325195),(-0.36809998750686646,-8.870699882507324,5.035900115966797),(-0.5602999925613403,-1.5198999643325806,6.7555999755859375),(-2.0297000408172607,-5.1031999588012695,5.096399784088135),(-1.857100009918213,-5.833099842071533,4.8769001960754395)));
#780=IFCINDEXEDPOLYGONALFACE((2,3,1));
#781=IFCINDEXEDPOLYGONALFACE((2,4,3));
#782=IFCINDEXEDPOLYGONALFACE((4,2,5));
#783=IFCPOLYGONALFACESET(#779,$,(#780,#781,#782),$);
#784=IFCCARTESIANPOINTLIST3D(((-0.14579999446868896,4.478099822998047,6.862199783325195),(-2.551800012588501,3.3642001152038574,5.096399784088135),(1.174399971961975,1.2378000020980835,6.9481000900268555)));
#785=IFCINDEXEDPOLYGONALFACE((1,3,2));
#786=IFCPOLYGONALFACESET(#784,$,(#785),$);
#787=IFCCARTESIANPOINTLIST3D(((2.230600118637085,4.595900058746338,5.096399784088135),(1.174399971961975,1.2378000020980835,6.9481000900268555),(1.8926000595092773,5.50439977645874,5.312300205230713),(-0.14579999446868896,4.478099822998047,6.862199783325195)));
#788=IFCINDEXEDPOLYGONALFACE((2,3,1));
#789=IFCINDEXEDPOLYGONALFACE((3,2,4));
#790=IFCPOLYGONALFACESET(#787,$,(#788,#789),$);
#791=IFCCARTESIANPOINTLIST3D(((4.5725998878479,-6.500699996948242,4.896399974822998),(1.9522000551223755,-7.713900089263916,6.662199974060059),(3.0736000537872314,-3.2629001140594482,4.896399974822998),(-0.5602999925613403,-1.5198999643325806,6.555600166320801)));
#792=IFCINDEXEDPOLYGONALFACE((2,1,3));
#793=IFCINDEXEDPOLYGONALFACE((3,4,2));
#794=IFCPOLYGONALFACESET(#791,$,(#792,#793),$);
#795=IFCCARTESIANPOINTLIST3D(((3.721299886703491,1.3759000301361084,7.20959997177124),(1.174399971961975,1.2378000020980835,6.7480998039245605),(2.230600118637085,4.595900058746338,4.896399974822998),(-3.662100076675415,-1.5772000551223755,7.20959997177124),(-2.551800012588501,3.3642001152038574,4.896399974822998),(-5.09089994430542,1.5090999603271484,4.896399974822998),(-5.349999904632568,2.0687999725341797,4.896399974822998)));
#796=IFCINDEXEDPOLYGONALFACE((4,1,2));
#797=IFCINDEXEDPOLYGONALFACE((1,3,2));
#798=IFCINDEXEDPOLYGONALFACE((4,2,5));
#799=IFCINDEXEDPOLYGONALFACE((5,6,4));
#800=IFCINDEXEDPOLYGONALFACE((5,7,6));
#801=IFCPOLYGONALFACESET(#795,$,(#796,#797,#798,#799,#800),$);
#802=IFCCARTESIANPOINTLIST3D(((-0.5602999925613403,-1.5198999643325806,6.555600166320801),(5.375500202178955,-2.197200059890747,4.896399974822998),(3.0736000537872314,-3.2629001140594482,4.896399974822998),(3.721299886703491,1.3759000301361084,7.20959997177124),(-3.662100076675415,-1.5772000551223755,7.20959997177124),(-3.2780001163482666,-2.4068000316619873,6.662199974060059),(-2.0297000408172607,-5.1031999588012695,4.896399974822998)));
#803=IFCINDEXEDPOLYGONALFACE((1,2,4));
#804=IFCINDEXEDPOLYGONALFACE((1,3,2));
#805=IFCINDEXEDPOLYGONALFACE((1,4,5));
#806=IFCINDEXEDPOLYGONALFACE((1,5,6));
#807=IFCINDEXEDPOLYGONALFACE((1,6,7));
#808=IFCPOLYGONALFACESET(#802,$,(#803,#804,#805,#806,#807),$);
#809=IFCCARTESIANPOINTLIST3D(((1.9522000551223755,-7.713900089263916,6.662199974060059),(-0.33160001039505005,-8.771200180053711,4.896399974822998),(-0.5602999925613403,-1.5198999643325806,6.555600166320801),(-1.720900058746338,-5.770100116729736,4.896399974822998),(-2.0297000408172607,-5.1031999588012695,4.896399974822998)));
#810=IFCINDEXEDPOLYGONALFACE((2,1,3));
#811=IFCINDEXEDPOLYGONALFACE((3,4,2));
#812=IFCINDEXEDPOLYGONALFACE((3,5,4));
#813=IFCPOLYGONALFACESET(#809,$,(#810,#811,#812),$);
#814=IFCCARTESIANPOINTLIST3D(((-0.14579999446868896,4.478099822998047,6.662199974060059),(1.174399971961975,1.2378000020980835,6.7480998039245605),(-2.551800012588501,3.3642001152038574,4.896399974822998)));
#815=IFCINDEXEDPOLYGONALFACE((1,3,2));
#816=IFCPOLYGONALFACESET(#814,$,(#815),$);
#817=IFCCARTESIANPOINTLIST3D(((2.230600118637085,4.595900058746338,4.896399974822998),(1.174399971961975,1.2378000020980835,6.7480998039245605),(1.8559999465942383,5.404900074005127,4.896399974822998),(-0.14579999446868896,4.478099822998047,6.662199974060059)));
#818=IFCINDEXEDPOLYGONALFACE((2,1,3));
#819=IFCINDEXEDPOLYGONALFACE((3,4,2));
#820=IFCPOLYGONALFACESET(#817,$,(#818,#819),$);
#821=IFCCARTESIANPOINTLIST3D(((4.762899875640869,-6.495299816131592,5.096399784088135),(3.0736000537872314,-3.2629001140594482,4.896399974822998),(3.0736000537872314,-3.2629001140594482,5.096399784088135),(4.5725998878479,-6.500699996948242,4.896399974822998)));
#822=IFCINDEXEDPOLYGONALFACE((1,2,4));
#823=IFCINDEXEDPOLYGONALFACE((1,3,2));
#824=IFCPOLYGONALFACESET(#821,$,(#822,#823),$);
#825=IFCCARTESIANPOINTLIST3D(((3.0736000537872314,-3.2629001140594482,5.096399784088135),(5.375500202178955,-2.197200059890747,4.896399974822998),(5.517000198364258,-2.32450008392334,5.096399784088135),(3.0736000537872314,-3.2629001140594482,4.896399974822998)));
#826=IFCINDEXEDPOLYGONALFACE((1,2,4));
#827=IFCINDEXEDPOLYGONALFACE((1,3,2));
#828=IFCPOLYGONALFACESET(#825,$,(#826,#827),$);
#829=IFCCARTESIANPOINTLIST3D(((5.517000198364258,-2.32450008392334,5.096399784088135),(3.721299886703491,1.3759000301361084,7.20959997177124),(3.721299886703491,1.3759000301361084,7.409599781036377),(5.375500202178955,-2.197200059890747,4.896399974822998)));
#830=IFCINDEXEDPOLYGONALFACE((1,2,4));
#831=IFCINDEXEDPOLYGONALFACE((1,3,2));
#832=IFCPOLYGONALFACESET(#829,$,(#830,#831),$);
#833=IFCCARTESIANPOINTLIST3D(((2.230600118637085,4.595900058746338,5.096399784088135),(1.8559999465942383,5.404900074005127,4.896399974822998),(1.8926000595092773,5.50439977645874,5.096399784088135),(2.230600118637085,4.595900058746338,4.896399974822998)));
#834=IFCINDEXEDPOLYGONALFACE((1,2,4));
#835=IFCINDEXEDPOLYGONALFACE((1,3,2));
#836=IFCPOLYGONALFACESET(#833,$,(#834,#835),$);
#837=IFCCARTESIANPOINTLIST3D(((1.8926000595092773,5.50439977645874,5.096399784088135),(-0.14579999446868896,4.478099822998047,6.662199974060059),(-0.14579999446868896,4.478099822998047,6.862199783325195),(1.8559999465942383,5.404900074005127,4.896399974822998)));
#838=IFCINDEXEDPOLYGONALFACE((1,2,4));
#839=IFCINDEXEDPOLYGONALFACE((1,3,2));
#840=IFCPOLYGONALFACESET(#837,$,(#838,#839),$);
#841=IFCCARTESIANPOINTLIST3D(((-2.551800012588501,3.3642001152038574,5.096399784088135),(-5.349999904632568,2.0687999725341797,4.896399974822998),(-5.4496002197265625,2.105299949645996,5.096399784088135),(-2.551800012588501,3.3642001152038574,4.896399974822998)));
#842=IFCINDEXEDPOLYGONALFACE((1,2,4));
#843=IFCINDEXEDPOLYGONALFACE((1,3,2));
#844=IFCPOLYGONALFACESET(#841,$,(#842,#843),$);
#845=IFCCARTESIANPOINTLIST3D(((-5.4496002197265625,2.105299949645996,5.096399784088135),(-5.09089994430542,1.5090999603271484,4.896399974822998),(-5.2270002365112305,1.4459999799728394,5.096399784088135),(-5.349999904632568,2.0687999725341797,4.896399974822998)));
#846=IFCINDEXEDPOLYGONALFACE((1,2,4));
#847=IFCINDEXEDPOLYGONALFACE((1,3,2));
#848=IFCPOLYGONALFACESET(#845,$,(#846,#847),$);
#849=IFCCARTESIANPOINTLIST3D(((-5.2270002365112305,1.4459999799728394,5.096399784088135),(-3.662100076675415,-1.5772000551223755,7.20959997177124),(-3.662100076675415,-1.5772000551223755,7.409599781036377),(-5.09089994430542,1.5090999603271484,4.896399974822998)));
#850=IFCINDEXEDPOLYGONALFACE((1,2,4));
#851=IFCINDEXEDPOLYGONALFACE((1,3,2));
#852=IFCPOLYGONALFACESET(#849,$,(#850,#851),$);
#853=IFCCARTESIANPOINTLIST3D(((-3.662100076675415,-1.5772000551223755,7.409599781036377),(-3.2780001163482666,-2.4068000316619873,6.662199974060059),(-3.414099931716919,-2.4697999954223633,6.862199783325195),(-3.662100076675415,-1.5772000551223755,7.20959997177124)));
#854=IFCINDEXEDPOLYGONALFACE((1,2,4));
#855=IFCINDEXEDPOLYGONALFACE((1,3,2));
#856=IFCPOLYGONALFACESET(#853,$,(#854,#855),$);
#857=IFCCARTESIANPOINTLIST3D(((-3.414099931716919,-2.4697999954223633,6.862199783325195),(-2.0297000408172607,-5.1031999588012695,4.896399974822998),(-2.0297000408172607,-5.1031999588012695,5.096399784088135),(-3.2780001163482666,-2.4068000316619873,6.662199974060059)));
#858=IFCINDEXEDPOLYGONALFACE((1,2,4));
#859=IFCINDEXEDPOLYGONALFACE((1,3,2));
#860=IFCPOLYGONALFACESET(#857,$,(#858,#859),$);
#861=IFCCARTESIANPOINTLIST3D(((-2.0297000408172607,-5.1031999588012695,5.096399784088135),(-1.720900058746338,-5.770100116729736,4.896399974822998),(-1.857100009918213,-5.833099842071533,5.096399784088135),(-2.0297000408172607,-5.1031999588012695,4.896399974822998)));
#862=IFCINDEXEDPOLYGONALFACE((1,2,4));
#863=IFCINDEXEDPOLYGONALFACE((1,3,2));
#864=IFCPOLYGONALFACESET(#861,$,(#862,#863),$);
#865=IFCCARTESIANPOINTLIST3D(((-1.857100009918213,-5.833099842071533,5.096399784088135),(-0.33160001039505005,-8.771200180053711,4.896399974822998),(-0.36809998750686646,-8.870699882507324,5.096399784088135),(-1.720900058746338,-5.770100116729736,4.896399974822998)));
#866=IFCINDEXEDPOLYGONALFACE((1,2,4));
#867=IFCINDEXEDPOLYGONALFACE((1,3,2));
#868=IFCPOLYGONALFACESET(#865,$,(#866,#867),$);
#869=IFCCARTESIANPOINTLIST3D(((-0.36809998750686646,-8.870699882507324,5.096399784088135),(1.9522000551223755,-7.713900089263916,6.662199974060059),(1.9522000551223755,-7.713900089263916,6.862199783325195),(-0.33160001039505005,-8.771200180053711,4.896399974822998)));
#870=IFCINDEXEDPOLYGONALFACE((1,2,4));
#871=IFCINDEXEDPOLYGONALFACE((1,3,2));
#872=IFCPOLYGONALFACESET(#869,$,(#870,#871),$);
#873=IFCCARTESIANPOINTLIST3D(((1.9522000551223755,-7.713900089263916,6.862199783325195),(4.5725998878479,-6.500699996948242,4.896399974822998),(4.762899875640869,-6.495299816131592,5.096399784088135),(1.9522000551223755,-7.713900089263916,6.662199974060059)));
#874=IFCINDEXEDPOLYGONALFACE((1,2,4));
#875=IFCINDEXEDPOLYGONALFACE((1,3,2));
#876=IFCPOLYGONALFACESET(#873,$,(#874,#875),$);
#877=IFCSHAPEREPRESENTATION(#11,'Body','Tessellation',(#3821));
#878=IFCROOF('2g4fAlwE135AwHsToJObUy',$,'Roof',$,$,$,#879,$,$);
#879=IFCPRODUCTDEFINITIONSHAPE($,$,(#877));
#926=IFCSLAB('2_gYC1f8j9eBPMBnLnFq0A',$,'Slab',$,$,#2936,#941,$,$);
#927=IFCRELDEFINESBYTYPE('3jwi5PKBz4EAB3bf5gk1uJ',$,$,$,(#945,#926,#963),#69);
#928=IFCMATERIALLAYERSETUSAGE(#70,.AXIS3.,.POSITIVE.,0.,$);
#929=IFCRELASSOCIATESMATERIAL('3CPU8OIl9DfvqCLi2tjNff',$,$,$,(#926),#928);
#935=IFCCARTESIANPOINTLIST2D(((0.,0.),(2.301859140396118,1.0656585693359375),(-1.2175636291503906,8.667729377746582),(-8.423614501953125,5.331648826599121),(-3.405200719833374,-5.508302211761475),(1.4989941120147705,-3.23787784576416),(0.,0.)));
#936=IFCINDEXEDPOLYCURVE(#935,$,$);
#937=IFCDIRECTION((0.,0.,1.));
#938=IFCARBITRARYCLOSEDPROFILEDEF(.AREA.,$,#936);
#939=IFCEXTRUDEDAREASOLID(#938,$,#937,0.2);
#940=IFCSHAPEREPRESENTATION(#11,'Body','SweptSolid',(#3845));
#941=IFCPRODUCTDEFINITIONSHAPE($,$,(#940));
#942=IFCPROPERTYSET('33rAMh9RT4x8RXltHIsd1d',$,'EPset_Parametric',$,(#944));
#943=IFCRELDEFINESBYPROPERTIES('0bEjtZV_nDLvR7qhjp0tMq',$,$,$,(#926),#942);
#944=IFCPROPERTYSINGLEVALUE('Engine',$,IFCLABEL('Bonsai.DumbLayer3'),$);
#945=IFCSLAB('1sRqxp29n6Mg9Qq_zxW7zF',$,'Slab',$,$,#2941,#959,$,$);
#946=IFCMATERIALLAYERSETUSAGE(#70,.AXIS3.,.POSITIVE.,0.,$);
#947=IFCRELASSOCIATESMATERIAL('03lsDp9h5DBQcb$$Xy$Rw9',$,$,$,(#945),#946);
#953=IFCCARTESIANPOINTLIST2D(((0.,0.),(2.301859140396118,1.0656585693359375),(-1.2175636291503906,8.667729377746582),(-8.423614501953125,5.331648826599121),(-3.405200719833374,-5.508302211761475),(1.4989941120147705,-3.23787784576416),(0.,0.)));
#954=IFCINDEXEDPOLYCURVE(#953,$,$);
#955=IFCDIRECTION((0.,0.,1.));
#956=IFCARBITRARYCLOSEDPROFILEDEF(.AREA.,$,#954);
#957=IFCEXTRUDEDAREASOLID(#956,$,#955,0.2);
#958=IFCSHAPEREPRESENTATION(#11,'Body','SweptSolid',(#3869));
#959=IFCPRODUCTDEFINITIONSHAPE($,$,(#958));
#960=IFCPROPERTYSET('3gT7W7b3HEohKYQ02fmEns',$,'EPset_Parametric',$,(#962));
#961=IFCRELDEFINESBYPROPERTIES('3U0Srf0D91VOJs5lHZpfG1',$,$,$,(#945),#960);
#962=IFCPROPERTYSINGLEVALUE('Engine',$,IFCLABEL('Bonsai.DumbLayer3'),$);
#963=IFCSLAB('051BXsqNz7fv_Q2I0aTdQ_',$,'Slab',$,$,#2946,#977,$,$);
#964=IFCMATERIALLAYERSETUSAGE(#70,.AXIS3.,.POSITIVE.,0.,$);
#965=IFCRELASSOCIATESMATERIAL('0l7p9maH937OtobMtqf3UL',$,$,$,(#963),#964);
#971=IFCCARTESIANPOINTLIST2D(((0.,0.),(2.301859140396118,1.0656585693359375),(-1.2175636291503906,8.667729377746582),(-8.423614501953125,5.331648826599121),(-3.405200719833374,-5.508302211761475),(1.4989941120147705,-3.23787784576416),(0.,0.)));
#972=IFCINDEXEDPOLYCURVE(#971,$,$);
#973=IFCDIRECTION((0.,0.,1.));
#974=IFCARBITRARYCLOSEDPROFILEDEF(.AREA.,$,#972);
#975=IFCEXTRUDEDAREASOLID(#974,$,#973,0.2);
#976=IFCSHAPEREPRESENTATION(#11,'Body','SweptSolid',(#3893));
#977=IFCPRODUCTDEFINITIONSHAPE($,$,(#976));
#978=IFCPROPERTYSET('2jpnoCxMf01RF1vQ7KPNWl',$,'EPset_Parametric',$,(#980));
#979=IFCRELDEFINESBYPROPERTIES('3l2YkubCr14Rf3gEuCndju',$,$,$,(#963),#978);
#980=IFCPROPERTYSINGLEVALUE('Engine',$,IFCLABEL('Bonsai.DumbLayer3'),$);
#998=IFCGROUP('1_hXUYXqTDChvaBi8UnlJ$',$,'DRAWINGS',$,'DRAWINGS');
#1017=IFCDOCUMENTINFORMATION('DRAWINGS','DRAWINGS',$,$,$,$,'DRAWINGS',$,$,$,$,$,$,$,$,$,$);
#1018=IFCRELASSOCIATESDOCUMENT('1gJxbimpfEvvmd4oTzau$m',$,$,$,(#1),#1017);
#1065=IFCGROUP('2s1b8BXIHFVQA97YXc5bgs',$,'Roof and Gables (above cut)',$,$);
#1066=IFCRELASSIGNSTOGROUP('2cBus1ZfzBQhvdAC7452wB',$,$,$,(#878),$,#1065);
#1089=IFCCARTESIANPOINTLIST3D(((-5.350006580352783,2.068784475326538,5.096449851989746),(-4.954757213592529,1.5720744132995605,5.096449851989746),(-3.5259571075439453,-1.5141863822937012,7.409600257873535),(-3.1418871879577637,-2.3437917232513428,6.862215042114258),(-1.8935961723327637,-5.040143966674805,5.096449375152588),(-1.5848231315612793,-5.70710563659668,5.096449375152588),(-0.33159399032592773,-8.77116870880127,5.096449375152588),(-5.350006580352783,2.068784475326538,5.096449851989746),(-5.226998329162598,1.4460389614105225,5.096449851989746),(-3.7981982231140137,-1.6402215957641602,7.409600257873535),(-3.414127826690674,-2.46982741355896,6.862215042114258),(-2.165837287902832,-5.166179656982422,5.096449375152588),(-1.8570637702941895,-5.833141326904297,5.096449375152588),(-0.33159399032592773,-8.77116870880127,5.096449375152588)));
#1090=IFCINDEXEDPOLYGONALFACE((1,2,3,4,5,6,7));
#1091=IFCINDEXEDPOLYGONALFACE((8,14,13,12,11,10,9));
#1092=IFCINDEXEDPOLYGONALFACE((1,7,14,8));
#1093=IFCINDEXEDPOLYGONALFACE((2,1,8,9));
#1094=IFCINDEXEDPOLYGONALFACE((3,2,9,10));
#1095=IFCINDEXEDPOLYGONALFACE((4,3,10,11));
#1096=IFCINDEXEDPOLYGONALFACE((5,4,11,12));
#1097=IFCINDEXEDPOLYGONALFACE((6,5,12,13));
#1098=IFCINDEXEDPOLYGONALFACE((7,6,13,14));
#1099=IFCPOLYGONALFACESET(#1089,$,(#1090,#1091,#1092,#1093,#1094,#1095,#1096,#1097,#1098),$);
#1100=IFCSHAPEREPRESENTATION(#11,'Body','Tessellation',(#3915));
#1101=IFCWALL('3Es7G1ShPAmQ3FrPpfwnuY',$,'Gable_w4',$,$,#1127,#1102,$,$);
#1102=IFCPRODUCTDEFINITIONSHAPE($,$,(#1100));
#1103=IFCCARTESIANPOINTLIST3D(((-0.39460912346839905,-8.635046005249023,5.096449851989746),(1.8891910314559937,-7.577747821807861,6.862215042114258),(4.509584903717041,-6.364622116088867,5.096449851989746),(-0.26857373118400574,-8.907286643981934,5.096449851989746),(2.015226125717163,-7.84998893737793,6.862215042114258),(4.635620594024658,-6.636862754821777,5.096449851989746)));
#1104=IFCINDEXEDPOLYGONALFACE((1,2,3));
#1105=IFCINDEXEDPOLYGONALFACE((4,6,5));
#1106=IFCINDEXEDPOLYGONALFACE((1,3,6,4));
#1107=IFCINDEXEDPOLYGONALFACE((2,1,4,5));
#1108=IFCINDEXEDPOLYGONALFACE((3,2,5,6));
#1109=IFCPOLYGONALFACESET(#1103,$,(#1104,#1105,#1106,#1107,#1108),$);
#1110=IFCSHAPEREPRESENTATION(#11,'Body','Tessellation',(#3922));
#1111=IFCWALL('1J1b5TagLC$fXvTGJC4Yqp',$,'Gable_w5',$,$,#1132,#1112,$,$);
#1112=IFCPRODUCTDEFINITIONSHAPE($,$,(#1110));
#1123=IFCCARTESIANPOINT((0.,0.,0.));
#1124=IFCDIRECTION((0.,0.,1.));
#1125=IFCDIRECTION((1.,0.,0.));
#1126=IFCAXIS2PLACEMENT3D(#1123,#1124,#1125);
#1127=IFCLOCALPLACEMENT($,#1126);
#1128=IFCCARTESIANPOINT((0.,0.,0.));
#1129=IFCDIRECTION((0.,0.,1.));
#1130=IFCDIRECTION((1.,0.,0.));
#1131=IFCAXIS2PLACEMENT3D(#1128,#1129,#1130);
#1132=IFCLOCALPLACEMENT($,#1131);
#1693=IFCCARTESIANPOINTLIST3D(((5.239347457885742,-2.2602226734161377,5.096449851989746),(3.585136890411377,1.3129310607910156,7.409600257873535),(2.0944571495056152,4.532850742340088,5.096449375152588),(1.8560471534729004,5.404866695404053,5.096449375152588),(5.5115885734558105,-2.1341872215270996,5.096449851989746),(3.857377767562866,1.4389662742614746,7.409600257873535),(2.3666977882385254,4.658886432647705,5.096449375152588),(1.8560471534729004,5.404866695404053,5.096449375152588)));
#1694=IFCINDEXEDPOLYGONALFACE((1,2,3,4));
#1695=IFCINDEXEDPOLYGONALFACE((5,8,7,6));
#1696=IFCINDEXEDPOLYGONALFACE((1,4,8,5));
#1697=IFCINDEXEDPOLYGONALFACE((2,1,5,6));
#1698=IFCINDEXEDPOLYGONALFACE((3,2,6,7));
#1699=IFCINDEXEDPOLYGONALFACE((4,3,7,8));
#1700=IFCPOLYGONALFACESET(#1693,$,(#1694,#1695,#1696,#1697,#1698,#1699),$);
#1701=IFCSHAPEREPRESENTATION(#11,'Body','Tessellation',(#3900));
#1702=IFCWALL('3CLKn7eWP1ze3600Aw7zZX',$,'Gable_w2',$,$,#2961,#1703,$,$);
#1703=IFCPRODUCTDEFINITIONSHAPE($,$,(#1701));
#1704=IFCCARTESIANPOINTLIST3D(((2.72772216796875,5.973708629608154,5.096449851989746),(0.7258864641189575,5.046947956085205,6.862215042114258),(-1.6801731586456299,3.933049201965332,5.096449851989746),(-4.541348457336426,2.773747682571411,5.096449851989746),(2.601686716079712,6.245949745178223,5.096449851989746),(0.599851131439209,5.319189071655273,6.862215042114258),(-1.806208848953247,4.2052903175354,5.096449851989746),(-4.541348457336426,2.773747682571411,5.096449851989746)));
#1705=IFCINDEXEDPOLYGONALFACE((1,2,3,4));
#1706=IFCINDEXEDPOLYGONALFACE((5,8,7,6));
#1707=IFCINDEXEDPOLYGONALFACE((1,4,8,5));
#1708=IFCINDEXEDPOLYGONALFACE((2,1,5,6));
#1709=IFCINDEXEDPOLYGONALFACE((3,2,6,7));
#1710=IFCINDEXEDPOLYGONALFACE((4,3,7,8));
#1711=IFCPOLYGONALFACESET(#1704,$,(#1705,#1706,#1707,#1708,#1709,#1710),$);
#1712=IFCSHAPEREPRESENTATION(#11,'Body','Tessellation',(#3907));
#1713=IFCWALL('1U_8EnEXL7zBbE$$EA3bKO',$,'Gable_w3',$,$,#2966,#1714,$,$);
#1714=IFCPRODUCTDEFINITIONSHAPE($,$,(#1712));
#1933=IFCWALL('1ZUEpNj5vC2fHGR5muglvb',$,'Wall',$,$,#2971,#1939,$,$);
#1934=IFCMATERIALLAYERSETUSAGE(#65,.AXIS2.,.POSITIVE.,0.,$);
#1935=IFCRELASSOCIATESMATERIAL('0HPQGN6HzFHu_f4rNiMNs8',$,$,$,(#1933),#1934);
#1936=IFCCARTESIANPOINTLIST2D(((0.,0.),(3.5680307655633166,0.)));
#1937=IFCINDEXEDPOLYCURVE(#1936,$,.F.);
#1938=IFCSHAPEREPRESENTATION(#23,'Axis','Curve2D',(#1937));
#1939=IFCPRODUCTDEFINITIONSHAPE($,$,(#1954));
#1945=IFCCARTESIANPOINTLIST2D(((0.,0.),(0.,0.3),(3.5680307655633166,0.3),(3.5680307655633166,0.),(0.,0.)));
#1946=IFCINDEXEDPOLYCURVE(#1945,$,.F.);
#1947=IFCDIRECTION((0.,0.,1.));
#1948=IFCARBITRARYCLOSEDPROFILEDEF(.AREA.,$,#1946);
#1949=IFCCARTESIANPOINT((0.,0.,0.));
#1950=IFCDIRECTION((0.,0.,1.));
#1951=IFCDIRECTION((1.,0.,0.));
#1952=IFCAXIS2PLACEMENT3D(#1949,#1950,#1951);
#1953=IFCEXTRUDEDAREASOLID(#1948,#1952,#1947,2.6);
#1954=IFCSHAPEREPRESENTATION(#11,'Body','SweptSolid',(#3930));
#1955=IFCPROPERTYSET('2y4Z7YtaH0igqkO7iRUXYc',$,'EPset_Parametric',$,(#1957));
#1956=IFCRELDEFINESBYPROPERTIES('1WqQ$lpnH67uE4_gdYNvVl',$,$,$,(#1933),#1955);
#1957=IFCPROPERTYSINGLEVALUE('Engine',$,IFCLABEL('Bonsai.DumbLayer2'),$);
#1958=IFCWALL('1g6_$ojAD7JBryiCLCwkYo',$,'Wall',$,$,#2976,#1964,$,$);
#1959=IFCMATERIALLAYERSETUSAGE(#65,.AXIS2.,.POSITIVE.,0.,$);
#1960=IFCRELASSOCIATESMATERIAL('1jchJjYlPE5x_mbB_e_IOC',$,$,$,(#1958),#1959);
#1961=IFCCARTESIANPOINTLIST2D(((0.,0.),(2.5365682939719614,0.)));
#1962=IFCINDEXEDPOLYCURVE(#1961,$,.F.);
#1963=IFCSHAPEREPRESENTATION(#23,'Axis','Curve2D',(#1962));
#1964=IFCPRODUCTDEFINITIONSHAPE($,$,(#1979));
#1970=IFCCARTESIANPOINTLIST2D(((0.,0.),(0.,0.3),(2.5365682939719614,0.3),(2.5365682939719614,0.),(0.,0.)));
#1971=IFCINDEXEDPOLYCURVE(#1970,$,.F.);
#1972=IFCDIRECTION((0.,0.,1.));
#1973=IFCARBITRARYCLOSEDPROFILEDEF(.AREA.,$,#1971);
#1974=IFCCARTESIANPOINT((0.,0.,0.));
#1975=IFCDIRECTION((0.,0.,1.));
#1976=IFCDIRECTION((1.,0.,0.));
#1977=IFCAXIS2PLACEMENT3D(#1974,#1975,#1976);
#1978=IFCEXTRUDEDAREASOLID(#1973,#1977,#1972,2.6);
#1979=IFCSHAPEREPRESENTATION(#11,'Body','SweptSolid',(#3938));
#1980=IFCPROPERTYSET('31OT2Vghv1r8ehSBMz7cV5',$,'EPset_Parametric',$,(#1982));
#1981=IFCRELDEFINESBYPROPERTIES('2ZfB92V_n22AeqL9TQrzoM',$,$,$,(#1958),#1980);
#1982=IFCPROPERTYSINGLEVALUE('Engine',$,IFCLABEL('Bonsai.DumbLayer2'),$);
#1983=IFCWALL('2M$MsJ4nHCUB$t9GoL_mbL',$,'Wall',$,$,#2981,#1989,$,$);
#1984=IFCMATERIALLAYERSETUSAGE(#65,.AXIS2.,.POSITIVE.,0.,$);
#1985=IFCRELASSOCIATESMATERIAL('3E_vpOF4D9AOaWKObIBnMF',$,$,$,(#1983),#1984);
#1986=IFCCARTESIANPOINTLIST2D(((0.,0.),(8.677220417113725,0.)));
#1987=IFCINDEXEDPOLYCURVE(#1986,$,.F.);
#1988=IFCSHAPEREPRESENTATION(#23,'Axis','Curve2D',(#1987));
#1989=IFCPRODUCTDEFINITIONSHAPE($,$,(#2004));
#1995=IFCCARTESIANPOINTLIST2D(((0.,0.),(0.,0.3),(8.677220417113725,0.3),(8.677220417113725,0.),(0.,0.)));
#1996=IFCINDEXEDPOLYCURVE(#1995,$,.F.);
#1997=IFCDIRECTION((0.,0.,1.));
#1998=IFCARBITRARYCLOSEDPROFILEDEF(.AREA.,$,#1996);
#1999=IFCCARTESIANPOINT((0.,0.,0.));
#2000=IFCDIRECTION((0.,0.,1.));
#2001=IFCDIRECTION((1.,0.,0.));
#2002=IFCAXIS2PLACEMENT3D(#1999,#2000,#2001);
#2003=IFCEXTRUDEDAREASOLID(#1998,#2002,#1997,2.6);
#2004=IFCSHAPEREPRESENTATION(#11,'Body','SweptSolid',(#3950));
#2005=IFCPROPERTYSET('0ce8erO5L2QBeruiY4lX3V',$,'EPset_Parametric',$,(#2007));
#2006=IFCRELDEFINESBYPROPERTIES('0rDbXHcKv9$uDFZww2pYh7',$,$,$,(#1983),#2005);
#2007=IFCPROPERTYSINGLEVALUE('Engine',$,IFCLABEL('Bonsai.DumbLayer2'),$);
#2008=IFCWALL('3N2TSGjlnFg99ANvLgNnQt',$,'Wall',$,$,#2951,#2014,$,$);
#2009=IFCMATERIALLAYERSETUSAGE(#65,.AXIS2.,.POSITIVE.,0.,$);
#2010=IFCRELASSOCIATESMATERIAL('3_CYjc6uP1_OLUgFkO6fih',$,$,$,(#2008),#2009);
#2011=IFCCARTESIANPOINTLIST2D(((0.,0.),(1.0300000447208433,0.)));
#2012=IFCINDEXEDPOLYCURVE(#2011,$,.F.);
#2013=IFCSHAPEREPRESENTATION(#23,'Axis','Curve2D',(#2012));
#2014=IFCPRODUCTDEFINITIONSHAPE($,$,(#2029));
#2020=IFCCARTESIANPOINTLIST2D(((0.,0.),(0.,0.3),(1.0300000447208433,0.3),(1.0300000447208433,0.),(0.,0.)));
#2021=IFCINDEXEDPOLYCURVE(#2020,$,.F.);
#2022=IFCDIRECTION((0.,0.,1.));
#2023=IFCARBITRARYCLOSEDPROFILEDEF(.AREA.,$,#2021);
#2024=IFCCARTESIANPOINT((0.,0.,0.));
#2025=IFCDIRECTION((0.,0.,1.));
#2026=IFCDIRECTION((1.,0.,0.));
#2027=IFCAXIS2PLACEMENT3D(#2024,#2025,#2026);
#2028=IFCEXTRUDEDAREASOLID(#2023,#2027,#2022,2.6);
#2029=IFCSHAPEREPRESENTATION(#11,'Body','SweptSolid',(#2028));
#2030=IFCPROPERTYSET('2XmSKXZqzCZPonWpbs1IYk',$,'EPset_Parametric',$,(#2032));
#2031=IFCRELDEFINESBYPROPERTIES('3D5wycY0X5lxWukXus9eEQ',$,$,$,(#2008),#2030);
#2032=IFCPROPERTYSINGLEVALUE('Engine',$,IFCLABEL('Bonsai.DumbLayer2'),$);
#2033=IFCWALL('0b9MmJX_n6NBexMdDKMibM',$,'Wall',$,$,#2986,#2039,$,$);
#2034=IFCMATERIALLAYERSETUSAGE(#65,.AXIS2.,.POSITIVE.,0.,$);
#2035=IFCRELASSOCIATESMATERIAL('1GHQaqOCf6NOlKDXYpRKNi',$,$,$,(#2033),#2034);
#2036=IFCCARTESIANPOINTLIST2D(((0.,0.),(8.975835254449285,0.)));
#2037=IFCINDEXEDPOLYCURVE(#2036,$,.F.);
#2038=IFCSHAPEREPRESENTATION(#23,'Axis','Curve2D',(#2037));
#2039=IFCPRODUCTDEFINITIONSHAPE($,$,(#2054));
#2045=IFCCARTESIANPOINTLIST2D(((0.,0.),(0.,0.3),(8.975835254449285,0.3),(8.975835254449285,0.),(0.,0.)));
#2046=IFCINDEXEDPOLYCURVE(#2045,$,.F.);
#2047=IFCDIRECTION((0.,0.,1.));
#2048=IFCARBITRARYCLOSEDPROFILEDEF(.AREA.,$,#2046);
#2049=IFCCARTESIANPOINT((0.,0.,0.));
#2050=IFCDIRECTION((0.,0.,1.));
#2051=IFCDIRECTION((1.,0.,0.));
#2052=IFCAXIS2PLACEMENT3D(#2049,#2050,#2051);
#2053=IFCEXTRUDEDAREASOLID(#2048,#2052,#2047,2.6);
#2054=IFCSHAPEREPRESENTATION(#11,'Body','SweptSolid',(#3962));
#2055=IFCPROPERTYSET('1s67J65CH0MOi10eVGmi3W',$,'EPset_Parametric',$,(#2057));
#2056=IFCRELDEFINESBYPROPERTIES('0fqHKKVeTFLwAJso6YTlgn',$,$,$,(#2033),#2055);
#2057=IFCPROPERTYSINGLEVALUE('Engine',$,IFCLABEL('Bonsai.DumbLayer2'),$);
#2058=IFCWALL('3XX4QAVjD8hhkxT_zQXVC4',$,'Wall',$,$,#2991,#2064,$,$);
#2059=IFCMATERIALLAYERSETUSAGE(#65,.AXIS2.,.POSITIVE.,0.,$);
#2060=IFCRELASSOCIATESMATERIAL('0r2WYMsUf88hhtJtrXEfi2',$,$,$,(#2058),#2059);
#2061=IFCCARTESIANPOINTLIST2D(((0.,0.),(11.94525078607239,0.)));
#2062=IFCINDEXEDPOLYCURVE(#2061,$,.F.);
#2063=IFCSHAPEREPRESENTATION(#23,'Axis','Curve2D',(#2062));
#2064=IFCPRODUCTDEFINITIONSHAPE($,$,(#2079));
#2070=IFCCARTESIANPOINTLIST2D(((0.,0.),(0.,0.3),(11.94525078607239,0.3),(11.94525078607239,0.),(0.,0.)));
#2071=IFCINDEXEDPOLYCURVE(#2070,$,.F.);
#2072=IFCDIRECTION((0.,0.,1.));
#2073=IFCARBITRARYCLOSEDPROFILEDEF(.AREA.,$,#2071);
#2074=IFCCARTESIANPOINT((0.,0.,0.));
#2075=IFCDIRECTION((0.,0.,1.));
#2076=IFCDIRECTION((1.,0.,0.));
#2077=IFCAXIS2PLACEMENT3D(#2074,#2075,#2076);
#2078=IFCEXTRUDEDAREASOLID(#2073,#2077,#2072,2.6);
#2079=IFCSHAPEREPRESENTATION(#11,'Body','SweptSolid',(#3970));
#2080=IFCPROPERTYSET('3R2OVny7DAjuESThqXV4sP',$,'EPset_Parametric',$,(#2082));
#2081=IFCRELDEFINESBYPROPERTIES('1RpBbuZ2vEo9MIB52jotne',$,$,$,(#2058),#2080);
#2082=IFCPROPERTYSINGLEVALUE('Engine',$,IFCLABEL('Bonsai.DumbLayer2'),$);
#2083=IFCWALL('3NrS2zKaP5kwrKHazTpgXr',$,'Wall',$,$,#3021,#2089,$,$);
#2084=IFCMATERIALLAYERSETUSAGE(#65,.AXIS2.,.POSITIVE.,0.,$);
#2085=IFCRELASSOCIATESMATERIAL('3bHMCxaGb9eR6CdIlcNeGR',$,$,$,(#2083),#2084);
#2086=IFCCARTESIANPOINTLIST2D(((0.,0.),(5.404252493634399,0.)));
#2087=IFCINDEXEDPOLYCURVE(#2086,$,.F.);
#2088=IFCSHAPEREPRESENTATION(#23,'Axis','Curve2D',(#2087));
#2089=IFCPRODUCTDEFINITIONSHAPE($,$,(#2104));
#2095=IFCCARTESIANPOINTLIST2D(((0.,0.),(0.,0.3),(5.404252493634399,0.3),(5.404252493634399,0.),(0.,0.)));
#2096=IFCINDEXEDPOLYCURVE(#2095,$,.F.);
#2097=IFCDIRECTION((0.,0.,1.));
#2098=IFCARBITRARYCLOSEDPROFILEDEF(.AREA.,$,#2096);
#2099=IFCCARTESIANPOINT((0.,0.,0.));
#2100=IFCDIRECTION((0.,0.,1.));
#2101=IFCDIRECTION((1.,0.,0.));
#2102=IFCAXIS2PLACEMENT3D(#2099,#2100,#2101);
#2103=IFCEXTRUDEDAREASOLID(#2098,#2102,#2097,2.6);
#2104=IFCSHAPEREPRESENTATION(#11,'Body','SweptSolid',(#4026));
#2105=IFCPROPERTYSET('0AMagzf5vDK9oKYobU6Ob6',$,'EPset_Parametric',$,(#2107));
#2106=IFCRELDEFINESBYPROPERTIES('1CqVJRcprDUejq8s4fVFzb',$,$,$,(#2083),#2105);
#2107=IFCPROPERTYSINGLEVALUE('Engine',$,IFCLABEL('Bonsai.DumbLayer2'),$);
#2283=IFCWALL('1s8$mbBa16bf8Y1VXmmOxi',$,'Wall',$,$,#2996,#2289,$,$);
#2284=IFCMATERIALLAYERSETUSAGE(#65,.AXIS2.,.POSITIVE.,0.,$);
#2285=IFCRELASSOCIATESMATERIAL('3BY48eArLBXPSC1NxUx9f0',$,$,$,(#2283),#2284);
#2286=IFCCARTESIANPOINTLIST2D(((0.,0.),(3.5680307655633166,0.)));
#2287=IFCINDEXEDPOLYCURVE(#2286,$,.F.);
#2288=IFCSHAPEREPRESENTATION(#23,'Axis','Curve2D',(#2287));
#2289=IFCPRODUCTDEFINITIONSHAPE($,$,(#2304));
#2295=IFCCARTESIANPOINTLIST2D(((0.,0.),(0.,0.3),(3.5680307655633166,0.3),(3.5680307655633166,0.),(0.,0.)));
#2296=IFCINDEXEDPOLYCURVE(#2295,$,.F.);
#2297=IFCDIRECTION((0.,0.,1.));
#2298=IFCARBITRARYCLOSEDPROFILEDEF(.AREA.,$,#2296);
#2299=IFCCARTESIANPOINT((0.,0.,0.));
#2300=IFCDIRECTION((0.,0.,1.));
#2301=IFCDIRECTION((1.,0.,0.));
#2302=IFCAXIS2PLACEMENT3D(#2299,#2300,#2301);
#2303=IFCEXTRUDEDAREASOLID(#2298,#2302,#2297,2.496449919889139);
#2304=IFCSHAPEREPRESENTATION(#11,'Body','SweptSolid',(#3978));
#2305=IFCPROPERTYSET('3ej7WUedf5yuzXQybwmB_5',$,'EPset_Parametric',$,(#2307));
#2306=IFCRELDEFINESBYPROPERTIES('0$F$Xqzxz3hO5$oTY3_vY0',$,$,$,(#2283),#2305);
#2307=IFCPROPERTYSINGLEVALUE('Engine',$,IFCLABEL('Bonsai.DumbLayer2'),$);
#2308=IFCWALL('0xYW018CDCzBDZjf5BBVzX',$,'Wall',$,$,#3001,#2314,$,$);
#2309=IFCMATERIALLAYERSETUSAGE(#65,.AXIS2.,.POSITIVE.,0.,$);
#2310=IFCRELASSOCIATESMATERIAL('0pMgYUkfH2SAFbIquqy45s',$,$,$,(#2308),#2309);
#2311=IFCCARTESIANPOINTLIST2D(((0.,0.),(2.5365682939719614,0.)));
#2312=IFCINDEXEDPOLYCURVE(#2311,$,.F.);
#2313=IFCSHAPEREPRESENTATION(#23,'Axis','Curve2D',(#2312));
#2314=IFCPRODUCTDEFINITIONSHAPE($,$,(#2329));
#2320=IFCCARTESIANPOINTLIST2D(((0.,0.),(0.,0.3),(2.5365682939719614,0.3),(2.5365682939719614,0.),(0.,0.)));
#2321=IFCINDEXEDPOLYCURVE(#2320,$,.F.);
#2322=IFCDIRECTION((0.,0.,1.));
#2323=IFCARBITRARYCLOSEDPROFILEDEF(.AREA.,$,#2321);
#2324=IFCCARTESIANPOINT((0.,0.,0.));
#2325=IFCDIRECTION((0.,0.,1.));
#2326=IFCDIRECTION((1.,0.,0.));
#2327=IFCAXIS2PLACEMENT3D(#2324,#2325,#2326);
#2328=IFCEXTRUDEDAREASOLID(#2323,#2327,#2322,2.496449919889139);
#2329=IFCSHAPEREPRESENTATION(#11,'Body','SweptSolid',(#3986));
#2330=IFCPROPERTYSET('2zyLlQ1nb9gPjuKTBb3AA8',$,'EPset_Parametric',$,(#2332));
#2331=IFCRELDEFINESBYPROPERTIES('0hn$E6SLH4deMtub_ywnHv',$,$,$,(#2308),#2330);
#2332=IFCPROPERTYSINGLEVALUE('Engine',$,IFCLABEL('Bonsai.DumbLayer2'),$);
#2333=IFCWALL('1u6BcCz9v6HwnboRaxOoqu',$,'Wall',$,$,#3006,#2339,$,$);
#2334=IFCMATERIALLAYERSETUSAGE(#65,.AXIS2.,.POSITIVE.,0.,$);
#2335=IFCRELASSOCIATESMATERIAL('0HbCYashzERubUQ4G3jhuC',$,$,$,(#2333),#2334);
#2336=IFCCARTESIANPOINTLIST2D(((0.,0.),(8.677220417113725,0.)));
#2337=IFCINDEXEDPOLYCURVE(#2336,$,.F.);
#2338=IFCSHAPEREPRESENTATION(#23,'Axis','Curve2D',(#2337));
#2339=IFCPRODUCTDEFINITIONSHAPE($,$,(#2354));
#2345=IFCCARTESIANPOINTLIST2D(((0.,0.),(0.,0.3),(8.677220417113725,0.3),(8.677220417113725,0.),(0.,0.)));
#2346=IFCINDEXEDPOLYCURVE(#2345,$,.F.);
#2347=IFCDIRECTION((0.,0.,1.));
#2348=IFCARBITRARYCLOSEDPROFILEDEF(.AREA.,$,#2346);
#2349=IFCCARTESIANPOINT((0.,0.,0.));
#2350=IFCDIRECTION((0.,0.,1.));
#2351=IFCDIRECTION((1.,0.,0.));
#2352=IFCAXIS2PLACEMENT3D(#2349,#2350,#2351);
#2353=IFCEXTRUDEDAREASOLID(#2348,#2352,#2347,2.496449919889139);
#2354=IFCSHAPEREPRESENTATION(#11,'Body','SweptSolid',(#3998));
#2355=IFCPROPERTYSET('3Ho0i7kAPDKOAKVrvg7yhY',$,'EPset_Parametric',$,(#2357));
#2356=IFCRELDEFINESBYPROPERTIES('36td6msZTEmgKT0ABQX6pI',$,$,$,(#2333),#2355);
#2357=IFCPROPERTYSINGLEVALUE('Engine',$,IFCLABEL('Bonsai.DumbLayer2'),$);
#2358=IFCWALL('3i6k8JA4D8IeznTvCuVOCL',$,'Wall',$,$,#2956,#2364,$,$);
#2359=IFCMATERIALLAYERSETUSAGE(#65,.AXIS2.,.POSITIVE.,0.,$);
#2360=IFCRELASSOCIATESMATERIAL('3NyLKOM_H5JAOAusn331dZ',$,$,$,(#2358),#2359);
#2361=IFCCARTESIANPOINTLIST2D(((0.,0.),(1.0300000447208433,0.)));
#2362=IFCINDEXEDPOLYCURVE(#2361,$,.F.);
#2363=IFCSHAPEREPRESENTATION(#23,'Axis','Curve2D',(#2362));
#2364=IFCPRODUCTDEFINITIONSHAPE($,$,(#2379));
#2370=IFCCARTESIANPOINTLIST2D(((0.,0.),(0.,0.3),(1.0300000447208433,0.3),(1.0300000447208433,0.),(0.,0.)));
#2371=IFCINDEXEDPOLYCURVE(#2370,$,.F.);
#2372=IFCDIRECTION((0.,0.,1.));
#2373=IFCARBITRARYCLOSEDPROFILEDEF(.AREA.,$,#2371);
#2374=IFCCARTESIANPOINT((0.,0.,0.));
#2375=IFCDIRECTION((0.,0.,1.));
#2376=IFCDIRECTION((1.,0.,0.));
#2377=IFCAXIS2PLACEMENT3D(#2374,#2375,#2376);
#2378=IFCEXTRUDEDAREASOLID(#2373,#2377,#2372,2.496449919889139);
#2379=IFCSHAPEREPRESENTATION(#11,'Body','SweptSolid',(#2378));
#2380=IFCPROPERTYSET('3aLNAWJC98o8ZL00ZFiv70',$,'EPset_Parametric',$,(#2382));
#2381=IFCRELDEFINESBYPROPERTIES('1MMXehbuP0P9YsHNeQTDIm',$,$,$,(#2358),#2380);
#2382=IFCPROPERTYSINGLEVALUE('Engine',$,IFCLABEL('Bonsai.DumbLayer2'),$);
#2383=IFCWALL('1LsgZuB5f2mfcjUvB1OWt3',$,'Wall',$,$,#3011,#2389,$,$);
#2384=IFCMATERIALLAYERSETUSAGE(#65,.AXIS2.,.POSITIVE.,0.,$);
#2385=IFCRELASSOCIATESMATERIAL('2E3tgZpjfBX8AgZ$DO0fUD',$,$,$,(#2383),#2384);
#2386=IFCCARTESIANPOINTLIST2D(((0.,0.),(8.975835254449285,0.)));
#2387=IFCINDEXEDPOLYCURVE(#2386,$,.F.);
#2388=IFCSHAPEREPRESENTATION(#23,'Axis','Curve2D',(#2387));
#2389=IFCPRODUCTDEFINITIONSHAPE($,$,(#2404));
#2395=IFCCARTESIANPOINTLIST2D(((0.,0.),(0.,0.3),(8.975835254449285,0.3),(8.975835254449285,0.),(0.,0.)));
#2396=IFCINDEXEDPOLYCURVE(#2395,$,.F.);
#2397=IFCDIRECTION((0.,0.,1.));
#2398=IFCARBITRARYCLOSEDPROFILEDEF(.AREA.,$,#2396);
#2399=IFCCARTESIANPOINT((0.,0.,0.));
#2400=IFCDIRECTION((0.,0.,1.));
#2401=IFCDIRECTION((1.,0.,0.));
#2402=IFCAXIS2PLACEMENT3D(#2399,#2400,#2401);
#2403=IFCEXTRUDEDAREASOLID(#2398,#2402,#2397,2.496449919889139);
#2404=IFCSHAPEREPRESENTATION(#11,'Body','SweptSolid',(#4010));
#2405=IFCPROPERTYSET('3lkmGSKEv4sBEogBOl3bbB',$,'EPset_Parametric',$,(#2407));
#2406=IFCRELDEFINESBYPROPERTIES('3mRXzh7cHFcfOdqB1LfNW$',$,$,$,(#2383),#2405);
#2407=IFCPROPERTYSINGLEVALUE('Engine',$,IFCLABEL('Bonsai.DumbLayer2'),$);
#2408=IFCWALL('38NGhGdzf2CRCD9krLPe_i',$,'Wall',$,$,#3016,#2414,$,$);
#2409=IFCMATERIALLAYERSETUSAGE(#65,.AXIS2.,.POSITIVE.,0.,$);
#2410=IFCRELASSOCIATESMATERIAL('3Eu3G1xwnF$AgupZ41DKCD',$,$,$,(#2408),#2409);
#2411=IFCCARTESIANPOINTLIST2D(((0.,0.),(11.94525078607239,0.)));
#2412=IFCINDEXEDPOLYCURVE(#2411,$,.F.);
#2413=IFCSHAPEREPRESENTATION(#23,'Axis','Curve2D',(#2412));
#2414=IFCPRODUCTDEFINITIONSHAPE($,$,(#2429));
#2420=IFCCARTESIANPOINTLIST2D(((0.,0.),(0.,0.3),(11.94525078607239,0.3),(11.94525078607239,0.),(0.,0.)));
#2421=IFCINDEXEDPOLYCURVE(#2420,$,.F.);
#2422=IFCDIRECTION((0.,0.,1.));
#2423=IFCARBITRARYCLOSEDPROFILEDEF(.AREA.,$,#2421);
#2424=IFCCARTESIANPOINT((0.,0.,0.));
#2425=IFCDIRECTION((0.,0.,1.));
#2426=IFCDIRECTION((1.,0.,0.));
#2427=IFCAXIS2PLACEMENT3D(#2424,#2425,#2426);
#2428=IFCEXTRUDEDAREASOLID(#2423,#2427,#2422,2.496449919889139);
#2429=IFCSHAPEREPRESENTATION(#11,'Body','SweptSolid',(#4018));
#2430=IFCPROPERTYSET('1OnKyKNkL6ReLZsEnYokDy',$,'EPset_Parametric',$,(#2432));
#2431=IFCRELDEFINESBYPROPERTIES('0BXV52Z6rCDOPyEJMS6s32',$,$,$,(#2408),#2430);
#2432=IFCPROPERTYSINGLEVALUE('Engine',$,IFCLABEL('Bonsai.DumbLayer2'),$);
#2433=IFCWALL('1H3HgvWWrAsudC1n$mrNl7',$,'Wall',$,$,#3026,#2439,$,$);
#2434=IFCMATERIALLAYERSETUSAGE(#65,.AXIS2.,.POSITIVE.,0.,$);
#2435=IFCRELASSOCIATESMATERIAL('06LYX_uCbADAGf28q0I53m',$,$,$,(#2433),#2434);
#2436=IFCCARTESIANPOINTLIST2D(((0.,0.),(5.404252493634399,0.)));
#2437=IFCINDEXEDPOLYCURVE(#2436,$,.F.);
#2438=IFCSHAPEREPRESENTATION(#23,'Axis','Curve2D',(#2437));
#2439=IFCPRODUCTDEFINITIONSHAPE($,$,(#2454));
#2445=IFCCARTESIANPOINTLIST2D(((0.,0.),(0.,0.3),(5.404252493634399,0.3),(5.404252493634399,0.),(0.,0.)));
#2446=IFCINDEXEDPOLYCURVE(#2445,$,.F.);
#2447=IFCDIRECTION((0.,0.,1.));
#2448=IFCARBITRARYCLOSEDPROFILEDEF(.AREA.,$,#2446);
#2449=IFCCARTESIANPOINT((0.,0.,0.));
#2450=IFCDIRECTION((0.,0.,1.));
#2451=IFCDIRECTION((1.,0.,0.));
#2452=IFCAXIS2PLACEMENT3D(#2449,#2450,#2451);
#2453=IFCEXTRUDEDAREASOLID(#2448,#2452,#2447,2.496449919889139);
#2454=IFCSHAPEREPRESENTATION(#11,'Body','SweptSolid',(#4034));
#2455=IFCPROPERTYSET('0SDwt_kEPADQIrSYlIVzbv',$,'EPset_Parametric',$,(#2457));
#2456=IFCRELDEFINESBYPROPERTIES('3HNmQUwqvDfxLY9X3GpJq1',$,$,$,(#2433),#2455);
#2457=IFCPROPERTYSINGLEVALUE('Engine',$,IFCLABEL('Bonsai.DumbLayer2'),$);
#2458=IFCCARTESIANPOINTLIST3D(((1.9522,-7.7139,6.8622),(4.5726,-6.5007,5.0964),(3.0736,-3.2629,5.0964),(3.0736,-3.2629,5.0964),(-0.5603,-1.5199,6.7556),(1.9522,-7.7139,6.8622),(3.7213,1.3759,7.4096),(2.2306,4.5959,5.0964),(1.1744,1.2378,6.9481),(-3.6621,-1.5772,7.4096),(3.7213,1.3759,7.4096),(1.1744,1.2378,6.9481),(-3.6621,-1.5772,7.4096),(1.1744,1.2378,6.9481),(-2.5518,3.3642,5.0964),(-2.5518,3.3642,5.0964),(-5.35,2.0688,5.0964),(-5.0909,1.5091,5.0964),(-2.5518,3.3642,5.0964),(-5.0909,1.5091,5.0964),(-3.6621,-1.5772,7.4096),(-0.5603,-1.5199,6.7556),(3.0736,-3.2629,5.0964),(5.3755,-2.1972,5.0964),(-0.5603,-1.5199,6.7556),(5.3755,-2.1972,5.0964),(3.7213,1.3759,7.4096),(-0.5603,-1.5199,6.7556),(3.7213,1.3759,7.4096),(-3.6621,-1.5772,7.4096),(-2.0297,-5.1032,5.0964),(-0.5603,-1.5199,6.7556),(-3.6621,-1.5772,7.4096),(-3.6621,-1.5772,7.4096),(-3.278,-2.4068,6.8622),(-2.0297,-5.1032,5.0964),(-0.3316,-8.7712,5.0964),(1.9522,-7.7139,6.8622),(-0.5603,-1.5199,6.7556),(-0.3316,-8.7712,5.0964),(-0.5603,-1.5199,6.7556),(-2.0297,-5.1032,5.0964),(-2.0297,-5.1032,5.0964),(-1.7209,-5.7701,5.0964),(-0.3316,-8.7712,5.0964),(-0.1458,4.4781,6.8622),(-2.5518,3.3642,5.0964),(1.1744,1.2378,6.9481),(1.1744,1.2378,6.9481),(2.2306,4.5959,5.0964),(1.856,5.4049,5.0964),(1.856,5.4049,5.0964),(-0.1458,4.4781,6.8622),(1.1744,1.2378,6.9481)));
#2459=IFCINDEXEDPOLYGONALFACE((1,2,3));
#2460=IFCINDEXEDPOLYGONALFACE((4,5,6));
#2461=IFCINDEXEDPOLYGONALFACE((7,8,9));
#2462=IFCINDEXEDPOLYGONALFACE((10,11,12));
#2463=IFCINDEXEDPOLYGONALFACE((13,14,15));
#2464=IFCINDEXEDPOLYGONALFACE((16,17,18));
#2465=IFCINDEXEDPOLYGONALFACE((19,20,21));
#2466=IFCINDEXEDPOLYGONALFACE((22,23,24));
#2467=IFCINDEXEDPOLYGONALFACE((25,26,27));
#2468=IFCINDEXEDPOLYGONALFACE((28,29,30));
#2469=IFCINDEXEDPOLYGONALFACE((31,32,33));
#2470=IFCINDEXEDPOLYGONALFACE((34,35,36));
#2471=IFCINDEXEDPOLYGONALFACE((37,38,39));
#2472=IFCINDEXEDPOLYGONALFACE((40,41,42));
#2473=IFCINDEXEDPOLYGONALFACE((43,44,45));
#2474=IFCINDEXEDPOLYGONALFACE((46,47,48));
#2475=IFCINDEXEDPOLYGONALFACE((49,50,51));
#2476=IFCINDEXEDPOLYGONALFACE((52,53,54));
#2477=IFCPOLYGONALFACESET(#2458,.T.,(#2459,#2460,#2461,#2462,#2463,#2464,#2465,#2466,#2467,#2468,#2469,#2470,#2471,#2472,#2473,#2474,#2475,#2476),$);
#2478=IFCCARTESIANPOINTLIST3D(((1.498992,-3.237836,0.),(-8.E-06,-3.6E-05,0.),(2.301892,1.065664,0.),(0.647692,4.638763,0.),(-0.630406,7.400013,0.),(-0.902656,7.273983,0.),(-1.115258,7.732734,0.),(-1.489582,8.541862,0.),(-3.219408,7.740963,0.),(-5.283208,6.785716,0.),(-5.043751,6.26844,0.),(-5.385951,6.109789,0.),(-8.184264,4.814634,0.),(-8.164508,4.771964,0.),(-6.735708,1.685664,0.),(-6.351608,0.856064,0.),(-5.103308,-1.840336,0.),(-4.794508,-2.507236,0.),(-3.405208,-5.508337,0.),(-1.121408,-4.451036,0.),(1.498992,-3.237836,0.2),(-8.E-06,-3.6E-05,0.2),(2.301892,1.065664,0.2),(0.647692,4.638763,0.2),(-0.630406,7.400013,0.2),(-0.902656,7.273983,0.2),(-1.115258,7.732734,0.2),(-1.489582,8.541862,0.2),(-3.219408,7.740963,0.2),(-5.283208,6.785716,0.2),(-5.043751,6.26844,0.2),(-5.385951,6.109789,0.2),(-8.184264,4.814634,0.2),(-8.164508,4.771964,0.2),(-6.735708,1.685664,0.2),(-6.351608,0.856064,0.2),(-5.103308,-1.840336,0.2),(-4.794508,-2.507236,0.2),(-3.405208,-5.508337,0.2),(-1.121408,-4.451036,0.2)));
#2479=IFCINDEXEDPOLYGONALFACE((20,19,18,17,16,15,14,13,12,11,10,9,8,7,6,5,4,3,2,1));
#2480=IFCINDEXEDPOLYGONALFACE((21,22,23,24,25,26,27,28,29,30,31,32,33,34,35,36,37,38,39,40));
#2481=IFCINDEXEDPOLYGONALFACE((1,2,22,21));
#2482=IFCINDEXEDPOLYGONALFACE((2,3,23,22));
#2483=IFCINDEXEDPOLYGONALFACE((3,4,24,23));
#2484=IFCINDEXEDPOLYGONALFACE((4,5,25,24));
#2485=IFCINDEXEDPOLYGONALFACE((5,6,26,25));
#2486=IFCINDEXEDPOLYGONALFACE((6,7,27,26));
#2487=IFCINDEXEDPOLYGONALFACE((7,8,28,27));
#2488=IFCINDEXEDPOLYGONALFACE((8,9,29,28));
#2489=IFCINDEXEDPOLYGONALFACE((9,10,30,29));
#2490=IFCINDEXEDPOLYGONALFACE((10,11,31,30));
#2491=IFCINDEXEDPOLYGONALFACE((11,12,32,31));
#2492=IFCINDEXEDPOLYGONALFACE((12,13,33,32));
#2493=IFCINDEXEDPOLYGONALFACE((13,14,34,33));
#2494=IFCINDEXEDPOLYGONALFACE((14,15,35,34));
#2495=IFCINDEXEDPOLYGONALFACE((15,16,36,35));
#2496=IFCINDEXEDPOLYGONALFACE((16,17,37,36));
#2497=IFCINDEXEDPOLYGONALFACE((17,18,38,37));
#2498=IFCINDEXEDPOLYGONALFACE((18,19,39,38));
#2499=IFCINDEXEDPOLYGONALFACE((19,20,40,39));
#2500=IFCINDEXEDPOLYGONALFACE((20,1,21,40));
#2501=IFCPOLYGONALFACESET(#2478,.T.,(#2479,#2480,#2481,#2482,#2483,#2484,#2485,#2486,#2487,#2488,#2489,#2490,#2491,#2492,#2493,#2494,#2495,#2496,#2497,#2498,#2499,#2500),$);
#2502=IFCCARTESIANPOINTLIST3D(((1.498992,-3.237836,0.),(-8.E-06,-3.6E-05,0.),(2.301892,1.065664,0.),(0.647692,4.638763,0.),(-0.630406,7.400013,0.),(-0.902656,7.273983,0.),(-1.115258,7.732734,0.),(-1.489582,8.541862,0.),(-3.219408,7.740963,0.),(-5.283208,6.785716,0.),(-5.043751,6.26844,0.),(-5.385951,6.109789,0.),(-8.184264,4.814634,0.),(-8.164508,4.771964,0.),(-6.735708,1.685664,0.),(-6.351608,0.856064,0.),(-5.103308,-1.840336,0.),(-4.794508,-2.507236,0.),(-3.405208,-5.508337,0.),(-1.121408,-4.451036,0.),(1.498992,-3.237836,0.2),(-8.E-06,-3.6E-05,0.2),(2.301892,1.065664,0.2),(0.647692,4.638763,0.2),(-0.630406,7.400013,0.2),(-0.902656,7.273983,0.2),(-1.115258,7.732734,0.2),(-1.489582,8.541862,0.2),(-3.219408,7.740963,0.2),(-5.283208,6.785716,0.2),(-5.043751,6.26844,0.2),(-5.385951,6.109789,0.2),(-8.184264,4.814634,0.2),(-8.164508,4.771964,0.2),(-6.735708,1.685664,0.2),(-6.351608,0.856064,0.2),(-5.103308,-1.840336,0.2),(-4.794508,-2.507236,0.2),(-3.405208,-5.508337,0.2),(-1.121408,-4.451036,0.2)));
#2503=IFCINDEXEDPOLYGONALFACE((20,19,18,17,16,15,14,13,12,11,10,9,8,7,6,5,4,3,2,1));
#2504=IFCINDEXEDPOLYGONALFACE((21,22,23,24,25,26,27,28,29,30,31,32,33,34,35,36,37,38,39,40));
#2505=IFCINDEXEDPOLYGONALFACE((1,2,22,21));
#2506=IFCINDEXEDPOLYGONALFACE((2,3,23,22));
#2507=IFCINDEXEDPOLYGONALFACE((3,4,24,23));
#2508=IFCINDEXEDPOLYGONALFACE((4,5,25,24));
#2509=IFCINDEXEDPOLYGONALFACE((5,6,26,25));
#2510=IFCINDEXEDPOLYGONALFACE((6,7,27,26));
#2511=IFCINDEXEDPOLYGONALFACE((7,8,28,27));
#2512=IFCINDEXEDPOLYGONALFACE((8,9,29,28));
#2513=IFCINDEXEDPOLYGONALFACE((9,10,30,29));
#2514=IFCINDEXEDPOLYGONALFACE((10,11,31,30));
#2515=IFCINDEXEDPOLYGONALFACE((11,12,32,31));
#2516=IFCINDEXEDPOLYGONALFACE((12,13,33,32));
#2517=IFCINDEXEDPOLYGONALFACE((13,14,34,33));
#2518=IFCINDEXEDPOLYGONALFACE((14,15,35,34));
#2519=IFCINDEXEDPOLYGONALFACE((15,16,36,35));
#2520=IFCINDEXEDPOLYGONALFACE((16,17,37,36));
#2521=IFCINDEXEDPOLYGONALFACE((17,18,38,37));
#2522=IFCINDEXEDPOLYGONALFACE((18,19,39,38));
#2523=IFCINDEXEDPOLYGONALFACE((19,20,40,39));
#2524=IFCINDEXEDPOLYGONALFACE((20,1,21,40));
#2525=IFCPOLYGONALFACESET(#2502,.T.,(#2503,#2504,#2505,#2506,#2507,#2508,#2509,#2510,#2511,#2512,#2513,#2514,#2515,#2516,#2517,#2518,#2519,#2520,#2521,#2522,#2523,#2524),$);
#2526=IFCCARTESIANPOINTLIST3D(((1.498992,-3.237836,-5.E-05),(-8.E-06,-3.6E-05,-5.E-05),(2.301892,1.065664,-5.E-05),(0.647692,4.638763,-5.E-05),(-0.630406,7.400013,-5.E-05),(-0.902656,7.273983,-5.E-05),(-1.115258,7.732734,-5.E-05),(-1.489582,8.541862,-5.E-05),(-3.219408,7.740963,-5.E-05),(-5.283208,6.785716,-5.E-05),(-5.043751,6.26844,-5.E-05),(-5.385951,6.109789,-5.E-05),(-8.184264,4.814634,-5.E-05),(-8.164508,4.771964,-5.E-05),(-6.735708,1.685664,-5.E-05),(-6.351608,0.856064,-5.E-05),(-5.103308,-1.840336,-5.E-05),(-4.794508,-2.507236,-5.E-05),(-3.405208,-5.508337,-5.E-05),(-1.121408,-4.451036,-5.E-05),(1.498992,-3.237836,0.19995),(-8.E-06,-3.6E-05,0.19995),(2.301892,1.065664,0.19995),(0.647692,4.638763,0.19995),(-0.630406,7.400013,0.19995),(-0.902656,7.273983,0.19995),(-1.115258,7.732734,0.19995),(-1.489582,8.541862,0.19995),(-3.219408,7.740963,0.19995),(-5.283208,6.785716,0.19995),(-5.043751,6.26844,0.19995),(-5.385951,6.109789,0.19995),(-8.184264,4.814634,0.19995),(-8.164508,4.771964,0.19995),(-6.735708,1.685664,0.19995),(-6.351608,0.856064,0.19995),(-5.103308,-1.840336,0.19995),(-4.794508,-2.507236,0.19995),(-3.405208,-5.508337,0.19995),(-1.121408,-4.451036,0.19995)));
#2527=IFCINDEXEDPOLYGONALFACE((20,19,18,17,16,15,14,13,12,11,10,9,8,7,6,5,4,3,2,1));
#2528=IFCINDEXEDPOLYGONALFACE((21,22,23,24,25,26,27,28,29,30,31,32,33,34,35,36,37,38,39,40));
#2529=IFCINDEXEDPOLYGONALFACE((1,2,22,21));
#2530=IFCINDEXEDPOLYGONALFACE((2,3,23,22));
#2531=IFCINDEXEDPOLYGONALFACE((3,4,24,23));
#2532=IFCINDEXEDPOLYGONALFACE((4,5,25,24));
#2533=IFCINDEXEDPOLYGONALFACE((5,6,26,25));
#2534=IFCINDEXEDPOLYGONALFACE((6,7,27,26));
#2535=IFCINDEXEDPOLYGONALFACE((7,8,28,27));
#2536=IFCINDEXEDPOLYGONALFACE((8,9,29,28));
#2537=IFCINDEXEDPOLYGONALFACE((9,10,30,29));
#2538=IFCINDEXEDPOLYGONALFACE((10,11,31,30));
#2539=IFCINDEXEDPOLYGONALFACE((11,12,32,31));
#2540=IFCINDEXEDPOLYGONALFACE((12,13,33,32));
#2541=IFCINDEXEDPOLYGONALFACE((13,14,34,33));
#2542=IFCINDEXEDPOLYGONALFACE((14,15,35,34));
#2543=IFCINDEXEDPOLYGONALFACE((15,16,36,35));
#2544=IFCINDEXEDPOLYGONALFACE((16,17,37,36));
#2545=IFCINDEXEDPOLYGONALFACE((17,18,38,37));
#2546=IFCINDEXEDPOLYGONALFACE((18,19,39,38));
#2547=IFCINDEXEDPOLYGONALFACE((19,20,40,39));
#2548=IFCINDEXEDPOLYGONALFACE((20,1,21,40));
#2549=IFCPOLYGONALFACESET(#2526,.T.,(#2527,#2528,#2529,#2530,#2531,#2532,#2533,#2534,#2535,#2536,#2537,#2538,#2539,#2540,#2541,#2542,#2543,#2544,#2545,#2546,#2547,#2548),$);
#2550=IFCCARTESIANPOINTLIST3D(((5.239375,-2.260215,5.0964),(3.585231,1.313066,7.4096),(1.720113,5.342094,5.0964),(5.511625,-2.134185,5.0964),(3.857481,1.439096,7.4096),(1.992363,5.468124,5.0964)));
#2551=IFCINDEXEDPOLYGONALFACE((3,2,1));
#2552=IFCINDEXEDPOLYGONALFACE((4,5,6));
#2553=IFCINDEXEDPOLYGONALFACE((1,2,5,4));
#2554=IFCINDEXEDPOLYGONALFACE((2,3,6,5));
#2555=IFCINDEXEDPOLYGONALFACE((1,3,6,4));
#2556=IFCPOLYGONALFACESET(#2550,.T.,(#2551,#2552,#2553,#2554,#2555),$);
#2557=IFCCARTESIANPOINTLIST3D(((1.919015,5.268775,5.0964),(-0.08293,4.342034,6.8622),(-5.287261,1.932845,5.0964),(1.792985,5.541025,5.0964),(-0.20896,4.614285,6.8622),(-5.413291,2.205095,5.0964)));
#2558=IFCINDEXEDPOLYGONALFACE((3,2,1));
#2559=IFCINDEXEDPOLYGONALFACE((4,5,6));
#2560=IFCINDEXEDPOLYGONALFACE((1,2,5,4));
#2561=IFCINDEXEDPOLYGONALFACE((2,3,6,5));
#2562=IFCINDEXEDPOLYGONALFACE((1,3,6,4));
#2563=IFCPOLYGONALFACESET(#2557,.T.,(#2558,#2559,#2560,#2561,#2562),$);
#2564=IFCCARTESIANPOINTLIST3D(((-5.213875,2.131815,5.0964),(-3.525997,-1.514338,7.4096),(-3.141984,-2.343884,6.8622),(-0.195654,-8.708545,5.0964),(-5.486125,2.005785,5.0964),(-3.798247,-1.640368,7.4096),(-3.414234,-2.469914,6.8622),(-0.467904,-8.834575,5.0964)));
#2565=IFCINDEXEDPOLYGONALFACE((4,3,2,1));
#2566=IFCINDEXEDPOLYGONALFACE((5,6,7,8));
#2567=IFCINDEXEDPOLYGONALFACE((1,2,6,5));
#2568=IFCINDEXEDPOLYGONALFACE((2,3,7,6));
#2569=IFCINDEXEDPOLYGONALFACE((3,4,8,7));
#2570=IFCINDEXEDPOLYGONALFACE((1,4,8,5));
#2571=IFCPOLYGONALFACESET(#2564,.T.,(#2565,#2566,#2567,#2568,#2569,#2570),$);
#2572=IFCCARTESIANPOINTLIST3D(((-0.394615,-8.635075,5.0964),(1.88929,-7.577809,6.8622),(4.509787,-6.364728,5.0964),(-0.268585,-8.907325,5.0964),(2.01532,-7.85006,6.8622),(4.635817,-6.636979,5.0964)));
#2573=IFCINDEXEDPOLYGONALFACE((3,2,1));
#2574=IFCINDEXEDPOLYGONALFACE((4,5,6));
#2575=IFCINDEXEDPOLYGONALFACE((1,2,5,4));
#2576=IFCINDEXEDPOLYGONALFACE((2,3,6,5));
#2577=IFCINDEXEDPOLYGONALFACE((1,3,6,4));
#2578=IFCPOLYGONALFACESET(#2572,.T.,(#2573,#2574,#2575,#2576,#2577),$);
#2579=IFCCARTESIANPOINTLIST3D(((3.5E-05,-0.150018,0.),(3.568107,-0.150123,0.),(3.568116,0.149883,0.),(4.4E-05,0.149988,0.),(3.5E-05,-0.150018,2.6),(3.568107,-0.150123,2.6),(3.568116,0.149883,2.6),(4.4E-05,0.149988,2.6)));
#2580=IFCINDEXEDPOLYGONALFACE((4,3,2,1));
#2581=IFCINDEXEDPOLYGONALFACE((5,6,7,8));
#2582=IFCINDEXEDPOLYGONALFACE((1,2,6,5));
#2583=IFCINDEXEDPOLYGONALFACE((2,3,7,6));
#2584=IFCINDEXEDPOLYGONALFACE((3,4,8,7));
#2585=IFCINDEXEDPOLYGONALFACE((4,1,5,8));
#2586=IFCPOLYGONALFACESET(#2579,.T.,(#2580,#2581,#2582,#2583,#2584,#2585),$);
#2587=IFCCARTESIANPOINTLIST3D(((-2.8E-05,-0.150033,0.),(2.536623,-0.150107,0.),(2.536632,0.149899,0.),(-1.9E-05,0.149973,0.),(-2.8E-05,-0.150033,2.6),(2.536623,-0.150107,2.6),(2.536632,0.149899,2.6),(-1.9E-05,0.149973,2.6)));
#2588=IFCINDEXEDPOLYGONALFACE((4,3,2,1));
#2589=IFCINDEXEDPOLYGONALFACE((5,6,7,8));
#2590=IFCINDEXEDPOLYGONALFACE((1,2,6,5));
#2591=IFCINDEXEDPOLYGONALFACE((2,3,7,6));
#2592=IFCINDEXEDPOLYGONALFACE((3,4,8,7));
#2593=IFCINDEXEDPOLYGONALFACE((4,1,5,8));
#2594=IFCPOLYGONALFACESET(#2587,.T.,(#2588,#2589,#2590,#2591,#2592,#2593),$);
#2595=IFCCARTESIANPOINTLIST3D(((-1.3E-05,-0.150034,0.),(6.980127,-0.15024,0.),(6.980136,0.149767,0.),(8.377364,0.149725,0.),(8.377373,0.449731,0.),(6.980145,0.449772,0.),(6.980136,0.149767,0.),(-5.E-06,0.149971,0.),(-1.3E-05,-0.150034,2.6),(6.980127,-0.15024,2.6),(6.980136,0.149767,2.6),(8.377364,0.149725,2.6),(8.377373,0.449731,2.6),(6.980145,0.449772,2.6),(6.980136,0.149767,2.6),(-5.E-06,0.149971,2.6)));
#2596=IFCINDEXEDPOLYGONALFACE((8,7,6,5,4,3,2,1));
#2597=IFCINDEXEDPOLYGONALFACE((9,10,11,12,13,14,15,16));
#2598=IFCINDEXEDPOLYGONALFACE((1,2,10,9));
#2599=IFCINDEXEDPOLYGONALFACE((2,3,11,10));
#2600=IFCINDEXEDPOLYGONALFACE((3,4,12,11));
#2601=IFCINDEXEDPOLYGONALFACE((4,5,13,12));
#2602=IFCINDEXEDPOLYGONALFACE((5,6,14,13));
#2603=IFCINDEXEDPOLYGONALFACE((6,7,15,14));
#2604=IFCINDEXEDPOLYGONALFACE((7,8,16,15));
#2605=IFCINDEXEDPOLYGONALFACE((8,1,9,16));
#2606=IFCPOLYGONALFACESET(#2595,.T.,(#2596,#2597,#2598,#2599,#2600,#2601,#2602,#2603,#2604,#2605),$);
#2607=IFCCARTESIANPOINTLIST3D(((1.03446,0.115437,0.),(5.512042,-0.034432,0.),(5.531111,0.53526,0.),(8.990043,0.419487,0.),(9.000079,0.719324,0.),(5.541146,0.835098,0.),(5.522079,0.265406,0.),(1.044496,0.415275,0.),(1.03446,0.115437,2.6),(5.512042,-0.034432,2.6),(5.531111,0.53526,2.6),(8.990043,0.419487,2.6),(9.000079,0.719324,2.6),(5.541146,0.835098,2.6),(5.522079,0.265406,2.6),(1.044496,0.415275,2.6)));
#2608=IFCINDEXEDPOLYGONALFACE((8,7,6,5,4,3,2,1));
#2609=IFCINDEXEDPOLYGONALFACE((9,10,11,12,13,14,15,16));
#2610=IFCINDEXEDPOLYGONALFACE((1,2,10,9));
#2611=IFCINDEXEDPOLYGONALFACE((2,3,11,10));
#2612=IFCINDEXEDPOLYGONALFACE((3,4,12,11));
#2613=IFCINDEXEDPOLYGONALFACE((4,5,13,12));
#2614=IFCINDEXEDPOLYGONALFACE((5,6,14,13));
#2615=IFCINDEXEDPOLYGONALFACE((6,7,15,14));
#2616=IFCINDEXEDPOLYGONALFACE((7,8,16,15));
#2617=IFCINDEXEDPOLYGONALFACE((8,1,9,16));
#2618=IFCPOLYGONALFACESET(#2607,.T.,(#2608,#2609,#2610,#2611,#2612,#2613,#2614,#2615,#2616,#2617),$);
#2619=IFCCARTESIANPOINTLIST3D(((-1.6E-05,-0.149991,0.),(11.945524,-0.150338,0.),(11.945534,0.149668,0.),(-7.E-06,0.150015,0.),(-1.6E-05,-0.149991,2.6),(11.945524,-0.150338,2.6),(11.945534,0.149668,2.6),(-7.E-06,0.150015,2.6)));
#2620=IFCINDEXEDPOLYGONALFACE((4,3,2,1));
#2621=IFCINDEXEDPOLYGONALFACE((5,6,7,8));
#2622=IFCINDEXEDPOLYGONALFACE((1,2,6,5));
#2623=IFCINDEXEDPOLYGONALFACE((2,3,7,6));
#2624=IFCINDEXEDPOLYGONALFACE((3,4,8,7));
#2625=IFCINDEXEDPOLYGONALFACE((4,1,5,8));
#2626=IFCPOLYGONALFACESET(#2619,.T.,(#2620,#2621,#2622,#2623,#2624,#2625),$);
#2627=IFCCARTESIANPOINTLIST3D(((3.5E-05,-0.150018,0.),(3.568107,-0.150123,0.),(3.568116,0.149883,0.),(4.4E-05,0.149988,0.),(3.5E-05,-0.150018,2.4964),(3.568107,-0.150123,2.4964),(3.568116,0.149883,2.4964),(4.4E-05,0.149988,2.4964)));
#2628=IFCINDEXEDPOLYGONALFACE((4,3,2,1));
#2629=IFCINDEXEDPOLYGONALFACE((5,6,7,8));
#2630=IFCINDEXEDPOLYGONALFACE((1,2,6,5));
#2631=IFCINDEXEDPOLYGONALFACE((2,3,7,6));
#2632=IFCINDEXEDPOLYGONALFACE((3,4,8,7));
#2633=IFCINDEXEDPOLYGONALFACE((4,1,5,8));
#2634=IFCPOLYGONALFACESET(#2627,.T.,(#2628,#2629,#2630,#2631,#2632,#2633),$);
#2635=IFCCARTESIANPOINTLIST3D(((-2.8E-05,-0.150033,0.),(2.536623,-0.150107,0.),(2.536632,0.149899,0.),(-1.9E-05,0.149973,0.),(-2.8E-05,-0.150033,2.4964),(2.536623,-0.150107,2.4964),(2.536632,0.149899,2.4964),(-1.9E-05,0.149973,2.4964)));
#2636=IFCINDEXEDPOLYGONALFACE((4,3,2,1));
#2637=IFCINDEXEDPOLYGONALFACE((5,6,7,8));
#2638=IFCINDEXEDPOLYGONALFACE((1,2,6,5));
#2639=IFCINDEXEDPOLYGONALFACE((2,3,7,6));
#2640=IFCINDEXEDPOLYGONALFACE((3,4,8,7));
#2641=IFCINDEXEDPOLYGONALFACE((4,1,5,8));
#2642=IFCPOLYGONALFACESET(#2635,.T.,(#2636,#2637,#2638,#2639,#2640,#2641),$);
#2643=IFCCARTESIANPOINTLIST3D(((-1.3E-05,-0.150034,0.),(6.980127,-0.15024,0.),(6.980136,0.149767,0.),(8.377364,0.149725,0.),(8.377373,0.449731,0.),(6.980145,0.449772,0.),(6.980136,0.149767,0.),(-5.E-06,0.149971,0.),(-1.3E-05,-0.150034,2.4964),(6.980127,-0.15024,2.4964),(6.980136,0.149767,2.4964),(8.377364,0.149725,2.4964),(8.377373,0.449731,2.4964),(6.980145,0.449772,2.4964),(6.980136,0.149767,2.4964),(-5.E-06,0.149971,2.4964)));
#2644=IFCINDEXEDPOLYGONALFACE((8,7,6,5,4,3,2,1));
#2645=IFCINDEXEDPOLYGONALFACE((9,10,11,12,13,14,15,16));
#2646=IFCINDEXEDPOLYGONALFACE((1,2,10,9));
#2647=IFCINDEXEDPOLYGONALFACE((2,3,11,10));
#2648=IFCINDEXEDPOLYGONALFACE((3,4,12,11));
#2649=IFCINDEXEDPOLYGONALFACE((4,5,13,12));
#2650=IFCINDEXEDPOLYGONALFACE((5,6,14,13));
#2651=IFCINDEXEDPOLYGONALFACE((6,7,15,14));
#2652=IFCINDEXEDPOLYGONALFACE((7,8,16,15));
#2653=IFCINDEXEDPOLYGONALFACE((8,1,9,16));
#2654=IFCPOLYGONALFACESET(#2643,.T.,(#2644,#2645,#2646,#2647,#2648,#2649,#2650,#2651,#2652,#2653),$);
#2655=IFCCARTESIANPOINTLIST3D(((1.03446,0.115437,0.),(5.512042,-0.034432,0.),(5.531111,0.53526,0.),(8.990043,0.419487,0.),(9.000079,0.719324,0.),(5.541146,0.835098,0.),(5.522079,0.265406,0.),(1.044496,0.415275,0.),(1.03446,0.115437,2.4964),(5.512042,-0.034432,2.4964),(5.531111,0.53526,2.4964),(8.990043,0.419487,2.4964),(9.000079,0.719324,2.4964),(5.541146,0.835098,2.4964),(5.522079,0.265406,2.4964),(1.044496,0.415275,2.4964)));
#2656=IFCINDEXEDPOLYGONALFACE((8,7,6,5,4,3,2,1));
#2657=IFCINDEXEDPOLYGONALFACE((9,10,11,12,13,14,15,16));
#2658=IFCINDEXEDPOLYGONALFACE((1,2,10,9));
#2659=IFCINDEXEDPOLYGONALFACE((2,3,11,10));
#2660=IFCINDEXEDPOLYGONALFACE((3,4,12,11));
#2661=IFCINDEXEDPOLYGONALFACE((4,5,13,12));
#2662=IFCINDEXEDPOLYGONALFACE((5,6,14,13));
#2663=IFCINDEXEDPOLYGONALFACE((6,7,15,14));
#2664=IFCINDEXEDPOLYGONALFACE((7,8,16,15));
#2665=IFCINDEXEDPOLYGONALFACE((8,1,9,16));
#2666=IFCPOLYGONALFACESET(#2655,.T.,(#2656,#2657,#2658,#2659,#2660,#2661,#2662,#2663,#2664,#2665),$);
#2667=IFCCARTESIANPOINTLIST3D(((-1.6E-05,-0.149991,0.),(11.945524,-0.150338,0.),(11.945534,0.149668,0.),(-7.E-06,0.150015,0.),(-1.6E-05,-0.149991,2.4964),(11.945524,-0.150338,2.4964),(11.945534,0.149668,2.4964),(-7.E-06,0.150015,2.4964)));
#2668=IFCINDEXEDPOLYGONALFACE((4,3,2,1));
#2669=IFCINDEXEDPOLYGONALFACE((5,6,7,8));
#2670=IFCINDEXEDPOLYGONALFACE((1,2,6,5));
#2671=IFCINDEXEDPOLYGONALFACE((2,3,7,6));
#2672=IFCINDEXEDPOLYGONALFACE((3,4,8,7));
#2673=IFCINDEXEDPOLYGONALFACE((4,1,5,8));
#2674=IFCPOLYGONALFACESET(#2667,.T.,(#2668,#2669,#2670,#2671,#2672,#2673),$);
#2675=IFCCARTESIANPOINTLIST3D(((-2.6E-05,-0.15003,0.),(5.404382,-0.150188,0.),(5.404391,0.149818,0.),(-1.8E-05,0.149976,0.),(-2.6E-05,-0.15003,2.6),(5.404382,-0.150188,2.6),(5.404391,0.149818,2.6),(-1.8E-05,0.149976,2.6)));
#2676=IFCINDEXEDPOLYGONALFACE((4,3,2,1));
#2677=IFCINDEXEDPOLYGONALFACE((5,6,7,8));
#2678=IFCINDEXEDPOLYGONALFACE((1,2,6,5));
#2679=IFCINDEXEDPOLYGONALFACE((2,3,7,6));
#2680=IFCINDEXEDPOLYGONALFACE((3,4,8,7));
#2681=IFCINDEXEDPOLYGONALFACE((4,1,5,8));
#2682=IFCPOLYGONALFACESET(#2675,.T.,(#2676,#2677,#2678,#2679,#2680,#2681),$);
#2683=IFCCARTESIANPOINTLIST3D(((-2.6E-05,-0.15003,0.),(5.404382,-0.150188,0.),(5.404391,0.149818,0.),(-1.8E-05,0.149976,0.),(-2.6E-05,-0.15003,2.4964),(5.404382,-0.150188,2.4964),(5.404391,0.149818,2.4964),(-1.8E-05,0.149976,2.4964)));
#2684=IFCINDEXEDPOLYGONALFACE((4,3,2,1));
#2685=IFCINDEXEDPOLYGONALFACE((5,6,7,8));
#2686=IFCINDEXEDPOLYGONALFACE((1,2,6,5));
#2687=IFCINDEXEDPOLYGONALFACE((2,3,7,6));
#2688=IFCINDEXEDPOLYGONALFACE((3,4,8,7));
#2689=IFCINDEXEDPOLYGONALFACE((4,1,5,8));
#2690=IFCPOLYGONALFACESET(#2683,.T.,(#2684,#2685,#2686,#2687,#2688,#2689),$);
#2691=IFCANNOTATION('1TqfX91tXDjeHmelNQCzVx',$,'GROUND FLOOR PLAN',$,'DRAWING',#4039,#2702);
#2702=IFCPRODUCTDEFINITIONSHAPE($,$,(#4044));
#2703=IFCGROUP('1uUYfVz4b5APDfaluxrxSi',$,'GROUND FLOOR PLAN',$,'DRAWING');
#2704=IFCRELASSIGNSTOGROUP('18YM_GMHL22RwvJfF9zWpu',$,$,$,(#2691),$,#2703);
#2705=IFCRELASSIGNSTOGROUP('1QUj8BEffEFOx66XTIgTBU',$,$,$,(#2801,#2769,#2737,#2865,#2897,#2833,#2703),$,#998);
#2706=IFCPROPERTYSET('3g6PSLvTLCkBNoQjdXoa27',$,'EPset_Drawing',$,(#2708,#2709,#2710,#2711,#2712,#2713,#2714,#2715,#2716,#2717,#2718,#2719,#2720));
#2707=IFCRELDEFINESBYPROPERTIES('2xjgdD8Lr6b8cN_AAUpU3I',$,$,$,(#2691),#2706);
#2708=IFCPROPERTYSINGLEVALUE('TargetView',$,IFCLABEL('PLAN_VIEW'),$);
#2709=IFCPROPERTYSINGLEVALUE('Scale',$,IFCLABEL('1/100'),$);
#2710=IFCPROPERTYSINGLEVALUE('HumanScale',$,IFCLABEL('1:100'),$);
#2711=IFCPROPERTYSINGLEVALUE('HasUnderlay',$,IFCBOOLEAN(.F.),$);
#2712=IFCPROPERTYSINGLEVALUE('HasLinework',$,IFCBOOLEAN(.T.),$);
#2713=IFCPROPERTYSINGLEVALUE('HasAnnotation',$,IFCBOOLEAN(.T.),$);
#2714=IFCPROPERTYSINGLEVALUE('GlobalReferencing',$,IFCBOOLEAN(.T.),$);
#2715=IFCPROPERTYSINGLEVALUE('Stylesheet',$,IFCTEXT('drawings/assets/default.css'),$);
#2716=IFCPROPERTYSINGLEVALUE('Markers',$,IFCTEXT('drawings/assets/markers.svg'),$);
#2717=IFCPROPERTYSINGLEVALUE('Symbols',$,IFCTEXT('drawings/assets/symbols.svg'),$);
#2718=IFCPROPERTYSINGLEVALUE('Patterns',$,IFCTEXT('drawings/assets/patterns.svg'),$);
#2719=IFCPROPERTYSINGLEVALUE('ShadingStyles',$,IFCTEXT('drawings/assets/shading_styles.json'),$);
#2720=IFCPROPERTYSINGLEVALUE('CurrentShadingStyle',$,IFCLABEL('Blender Default'),$);
#2721=IFCDOCUMENTINFORMATION('X','GROUND FLOOR PLAN',$,$,$,$,'DRAWING',$,$,$,$,$,$,$,$,$,$);
#2722=IFCDOCUMENTINFORMATIONRELATIONSHIP($,$,#1017,(#2882,#2818,#2786,#2754,#2721,#2914,#2850),$);
#2723=IFCDOCUMENTREFERENCE('/Users/reinierzeldenrust/Documents/repos/kelp-3d-experiments/drawings/GROUND FLOOR PLAN.svg','X',$,$,#2721);
#2724=IFCRELASSOCIATESDOCUMENT('1xjc9ZsN9Eb8Dp9INum6j_',$,$,$,(#2691),#2723);
#2725=IFCANNOTATION('0lQEjYkX92e9mqTqKNf$Ew',$,'FIRST FLOOR PLAN',$,'DRAWING',#4049,#2736);
#2736=IFCPRODUCTDEFINITIONSHAPE($,$,(#4054));
#2737=IFCGROUP('2XE22p0Qz2whKuk_5gYx3q',$,'FIRST FLOOR PLAN',$,'DRAWING');
#2738=IFCRELASSIGNSTOGROUP('12mFgnUsj8oxfymyxi74O1',$,$,$,(#2725),$,#2737);
#2739=IFCPROPERTYSET('1ypQZiLbfFjBSoTbQPx_me',$,'EPset_Drawing',$,(#2741,#2742,#2743,#2744,#2745,#2746,#2747,#2748,#2749,#2750,#2751,#2752,#2753));
#2740=IFCRELDEFINESBYPROPERTIES('2uhV7se5DArfI$ywiJNLNo',$,$,$,(#2725),#2739);
#2741=IFCPROPERTYSINGLEVALUE('TargetView',$,IFCLABEL('PLAN_VIEW'),$);
#2742=IFCPROPERTYSINGLEVALUE('Scale',$,IFCLABEL('1/100'),$);
#2743=IFCPROPERTYSINGLEVALUE('HumanScale',$,IFCLABEL('1:100'),$);
#2744=IFCPROPERTYSINGLEVALUE('HasUnderlay',$,IFCBOOLEAN(.F.),$);
#2745=IFCPROPERTYSINGLEVALUE('HasLinework',$,IFCBOOLEAN(.T.),$);
#2746=IFCPROPERTYSINGLEVALUE('HasAnnotation',$,IFCBOOLEAN(.T.),$);
#2747=IFCPROPERTYSINGLEVALUE('GlobalReferencing',$,IFCBOOLEAN(.T.),$);
#2748=IFCPROPERTYSINGLEVALUE('Stylesheet',$,IFCTEXT('drawings/assets/default.css'),$);
#2749=IFCPROPERTYSINGLEVALUE('Markers',$,IFCTEXT('drawings/assets/markers.svg'),$);
#2750=IFCPROPERTYSINGLEVALUE('Symbols',$,IFCTEXT('drawings/assets/symbols.svg'),$);
#2751=IFCPROPERTYSINGLEVALUE('Patterns',$,IFCTEXT('drawings/assets/patterns.svg'),$);
#2752=IFCPROPERTYSINGLEVALUE('ShadingStyles',$,IFCTEXT('drawings/assets/shading_styles.json'),$);
#2753=IFCPROPERTYSINGLEVALUE('CurrentShadingStyle',$,IFCLABEL('Blender Default'),$);
#2754=IFCDOCUMENTINFORMATION('X','FIRST FLOOR PLAN',$,$,$,$,'DRAWING',$,$,$,$,$,$,$,$,$,$);
#2755=IFCDOCUMENTREFERENCE('/Users/reinierzeldenrust/Documents/repos/kelp-3d-experiments/drawings/FIRST FLOOR PLAN.svg','X',$,$,#2754);
#2756=IFCRELASSOCIATESDOCUMENT('1sItd_9252Pg921KALuwNr',$,$,$,(#2725),#2755);
#2757=IFCANNOTATION('1qxXGqRu17KBizlpBMU$Jc',$,'SOUTH ELEVATION',$,'DRAWING',#4059,#2768);
#2768=IFCPRODUCTDEFINITIONSHAPE($,$,(#4064));
#2769=IFCGROUP('2wO35SI7H7igq5LK6hhpJJ',$,'SOUTH ELEVATION',$,'DRAWING');
#2770=IFCRELASSIGNSTOGROUP('18r3qXlNHAtwDBF6PnVGwl',$,$,$,(#2757),$,#2769);
#2771=IFCPROPERTYSET('1xUsszV2vFJ9RHeS9LMjpt',$,'EPset_Drawing',$,(#2773,#2774,#2775,#2776,#2777,#2778,#2779,#2780,#2781,#2782,#2783,#2784,#2785));
#2772=IFCRELDEFINESBYPROPERTIES('0fzsIn4en2E9TqP5uvTwcc',$,$,$,(#2757),#2771);
#2773=IFCPROPERTYSINGLEVALUE('TargetView',$,IFCLABEL('ELEVATION_VIEW'),$);
#2774=IFCPROPERTYSINGLEVALUE('Scale',$,IFCLABEL('1/100'),$);
#2775=IFCPROPERTYSINGLEVALUE('HumanScale',$,IFCLABEL('1:100'),$);
#2776=IFCPROPERTYSINGLEVALUE('HasUnderlay',$,IFCBOOLEAN(.F.),$);
#2777=IFCPROPERTYSINGLEVALUE('HasLinework',$,IFCBOOLEAN(.T.),$);
#2778=IFCPROPERTYSINGLEVALUE('HasAnnotation',$,IFCBOOLEAN(.T.),$);
#2779=IFCPROPERTYSINGLEVALUE('GlobalReferencing',$,IFCBOOLEAN(.T.),$);
#2780=IFCPROPERTYSINGLEVALUE('Stylesheet',$,IFCTEXT('drawings/assets/default.css'),$);
#2781=IFCPROPERTYSINGLEVALUE('Markers',$,IFCTEXT('drawings/assets/markers.svg'),$);
#2782=IFCPROPERTYSINGLEVALUE('Symbols',$,IFCTEXT('drawings/assets/symbols.svg'),$);
#2783=IFCPROPERTYSINGLEVALUE('Patterns',$,IFCTEXT('drawings/assets/patterns.svg'),$);
#2784=IFCPROPERTYSINGLEVALUE('ShadingStyles',$,IFCTEXT('drawings/assets/shading_styles.json'),$);
#2785=IFCPROPERTYSINGLEVALUE('CurrentShadingStyle',$,IFCLABEL('Blender Default'),$);
#2786=IFCDOCUMENTINFORMATION('X','SOUTH ELEVATION',$,$,$,$,'DRAWING',$,$,$,$,$,$,$,$,$,$);
#2787=IFCDOCUMENTREFERENCE('/Users/reinierzeldenrust/Documents/repos/kelp-3d-experiments/drawings/SOUTH ELEVATION.svg','X',$,$,#2786);
#2788=IFCRELASSOCIATESDOCUMENT('1gL0vvo7b29gpbNBWBAHp1',$,$,$,(#2757),#2787);
#2789=IFCANNOTATION('1Rjgw6coH8dAsDLNSQNaSd',$,'WEST ELEVATION',$,'DRAWING',#4069,#2800);
#2800=IFCPRODUCTDEFINITIONSHAPE($,$,(#4074));
#2801=IFCGROUP('1tj3W7jOvCt9TPbVsr$uMw',$,'WEST ELEVATION',$,'DRAWING');
#2802=IFCRELASSIGNSTOGROUP('2N1KL5pDPC$QXoNS1l3Rvt',$,$,$,(#2789),$,#2801);
#2803=IFCPROPERTYSET('2n23H3b5vDvONn1LjTc_$r',$,'EPset_Drawing',$,(#2805,#2806,#2807,#2808,#2809,#2810,#2811,#2812,#2813,#2814,#2815,#2816,#2817));
#2804=IFCRELDEFINESBYPROPERTIES('3Y1u6X16zD_AkrU$2NpE1X',$,$,$,(#2789),#2803);
#2805=IFCPROPERTYSINGLEVALUE('TargetView',$,IFCLABEL('ELEVATION_VIEW'),$);
#2806=IFCPROPERTYSINGLEVALUE('Scale',$,IFCLABEL('1/100'),$);
#2807=IFCPROPERTYSINGLEVALUE('HumanScale',$,IFCLABEL('1:100'),$);
#2808=IFCPROPERTYSINGLEVALUE('HasUnderlay',$,IFCBOOLEAN(.F.),$);
#2809=IFCPROPERTYSINGLEVALUE('HasLinework',$,IFCBOOLEAN(.T.),$);
#2810=IFCPROPERTYSINGLEVALUE('HasAnnotation',$,IFCBOOLEAN(.T.),$);
#2811=IFCPROPERTYSINGLEVALUE('GlobalReferencing',$,IFCBOOLEAN(.T.),$);
#2812=IFCPROPERTYSINGLEVALUE('Stylesheet',$,IFCTEXT('drawings/assets/default.css'),$);
#2813=IFCPROPERTYSINGLEVALUE('Markers',$,IFCTEXT('drawings/assets/markers.svg'),$);
#2814=IFCPROPERTYSINGLEVALUE('Symbols',$,IFCTEXT('drawings/assets/symbols.svg'),$);
#2815=IFCPROPERTYSINGLEVALUE('Patterns',$,IFCTEXT('drawings/assets/patterns.svg'),$);
#2816=IFCPROPERTYSINGLEVALUE('ShadingStyles',$,IFCTEXT('drawings/assets/shading_styles.json'),$);
#2817=IFCPROPERTYSINGLEVALUE('CurrentShadingStyle',$,IFCLABEL('Blender Default'),$);
#2818=IFCDOCUMENTINFORMATION('X','WEST ELEVATION',$,$,$,$,'DRAWING',$,$,$,$,$,$,$,$,$,$);
#2819=IFCDOCUMENTREFERENCE('/Users/reinierzeldenrust/Documents/repos/kelp-3d-experiments/drawings/WEST ELEVATION.svg','X',$,$,#2818);
#2820=IFCRELASSOCIATESDOCUMENT('24rZDdFNn2lvNr6lRGi5IG',$,$,$,(#2789),#2819);
#2821=IFCANNOTATION('1ijNM2L716KOZD1aANLQV4',$,'NORTH ELEVATION',$,'DRAWING',#4079,#2832);
#2832=IFCPRODUCTDEFINITIONSHAPE($,$,(#4084));
#2833=IFCGROUP('3l03DzQdD0WuFRiEsajSRB',$,'NORTH ELEVATION',$,'DRAWING');
#2834=IFCRELASSIGNSTOGROUP('15bj2LmOf80PI6yGtJwlGT',$,$,$,(#2821),$,#2833);
#2835=IFCPROPERTYSET('3vPVr6HRXDo8IhsIQE1aAY',$,'EPset_Drawing',$,(#2837,#2838,#2839,#2840,#2841,#2842,#2843,#2844,#2845,#2846,#2847,#2848,#2849));
#2836=IFCRELDEFINESBYPROPERTIES('0uSaTx6Uj4WgPIO9DK78_M',$,$,$,(#2821),#2835);
#2837=IFCPROPERTYSINGLEVALUE('TargetView',$,IFCLABEL('ELEVATION_VIEW'),$);
#2838=IFCPROPERTYSINGLEVALUE('Scale',$,IFCLABEL('1/100'),$);
#2839=IFCPROPERTYSINGLEVALUE('HumanScale',$,IFCLABEL('1:100'),$);
#2840=IFCPROPERTYSINGLEVALUE('HasUnderlay',$,IFCBOOLEAN(.F.),$);
#2841=IFCPROPERTYSINGLEVALUE('HasLinework',$,IFCBOOLEAN(.T.),$);
#2842=IFCPROPERTYSINGLEVALUE('HasAnnotation',$,IFCBOOLEAN(.T.),$);
#2843=IFCPROPERTYSINGLEVALUE('GlobalReferencing',$,IFCBOOLEAN(.T.),$);
#2844=IFCPROPERTYSINGLEVALUE('Stylesheet',$,IFCTEXT('drawings/assets/default.css'),$);
#2845=IFCPROPERTYSINGLEVALUE('Markers',$,IFCTEXT('drawings/assets/markers.svg'),$);
#2846=IFCPROPERTYSINGLEVALUE('Symbols',$,IFCTEXT('drawings/assets/symbols.svg'),$);
#2847=IFCPROPERTYSINGLEVALUE('Patterns',$,IFCTEXT('drawings/assets/patterns.svg'),$);
#2848=IFCPROPERTYSINGLEVALUE('ShadingStyles',$,IFCTEXT('drawings/assets/shading_styles.json'),$);
#2849=IFCPROPERTYSINGLEVALUE('CurrentShadingStyle',$,IFCLABEL('Blender Default'),$);
#2850=IFCDOCUMENTINFORMATION('X','NORTH ELEVATION',$,$,$,$,'DRAWING',$,$,$,$,$,$,$,$,$,$);
#2851=IFCDOCUMENTREFERENCE('/Users/reinierzeldenrust/Documents/repos/kelp-3d-experiments/drawings/NORTH ELEVATION.svg','X',$,$,#2850);
#2852=IFCRELASSOCIATESDOCUMENT('0XNlu4sIL3wA1WJdkHYVsv',$,$,$,(#2821),#2851);
#2853=IFCANNOTATION('3d8I_U2OfDPB$CIary1uCf',$,'EAST ELEVATION',$,'DRAWING',#4089,#2864);
#2864=IFCPRODUCTDEFINITIONSHAPE($,$,(#4094));
#2865=IFCGROUP('3oh2nkX3L1LO5ZN8tGq$Rt',$,'EAST ELEVATION',$,'DRAWING');
#2866=IFCRELASSIGNSTOGROUP('3uRc8zqfj37BylzI_KwOtL',$,$,$,(#2853),$,#2865);
#2867=IFCPROPERTYSET('2MK4b92XvFoPKPv36TyPX$',$,'EPset_Drawing',$,(#2869,#2870,#2871,#2872,#2873,#2874,#2875,#2876,#2877,#2878,#2879,#2880,#2881));
#2868=IFCRELDEFINESBYPROPERTIES('2hErx2JR54xO9J3OUamV9b',$,$,$,(#2853),#2867);
#2869=IFCPROPERTYSINGLEVALUE('TargetView',$,IFCLABEL('ELEVATION_VIEW'),$);
#2870=IFCPROPERTYSINGLEVALUE('Scale',$,IFCLABEL('1/100'),$);
#2871=IFCPROPERTYSINGLEVALUE('HumanScale',$,IFCLABEL('1:100'),$);
#2872=IFCPROPERTYSINGLEVALUE('HasUnderlay',$,IFCBOOLEAN(.F.),$);
#2873=IFCPROPERTYSINGLEVALUE('HasLinework',$,IFCBOOLEAN(.T.),$);
#2874=IFCPROPERTYSINGLEVALUE('HasAnnotation',$,IFCBOOLEAN(.T.),$);
#2875=IFCPROPERTYSINGLEVALUE('GlobalReferencing',$,IFCBOOLEAN(.T.),$);
#2876=IFCPROPERTYSINGLEVALUE('Stylesheet',$,IFCTEXT('drawings/assets/default.css'),$);
#2877=IFCPROPERTYSINGLEVALUE('Markers',$,IFCTEXT('drawings/assets/markers.svg'),$);
#2878=IFCPROPERTYSINGLEVALUE('Symbols',$,IFCTEXT('drawings/assets/symbols.svg'),$);
#2879=IFCPROPERTYSINGLEVALUE('Patterns',$,IFCTEXT('drawings/assets/patterns.svg'),$);
#2880=IFCPROPERTYSINGLEVALUE('ShadingStyles',$,IFCTEXT('drawings/assets/shading_styles.json'),$);
#2881=IFCPROPERTYSINGLEVALUE('CurrentShadingStyle',$,IFCLABEL('Blender Default'),$);
#2882=IFCDOCUMENTINFORMATION('X','EAST ELEVATION',$,$,$,$,'DRAWING',$,$,$,$,$,$,$,$,$,$);
#2883=IFCDOCUMENTREFERENCE('/Users/reinierzeldenrust/Documents/repos/kelp-3d-experiments/drawings/EAST ELEVATION.svg','X',$,$,#2882);
#2884=IFCRELASSOCIATESDOCUMENT('3sFHctGmPEcwc1uK_DGCbJ',$,$,$,(#2853),#2883);
#2885=IFCANNOTATION('0mT4P6dbT0n8REa$Rfe_Gg',$,'ISOMETRIC',$,'DRAWING',#4099,#2896);
#2896=IFCPRODUCTDEFINITIONSHAPE($,$,(#4104));
#2897=IFCGROUP('2Q_X3lvCPCcuZo4ZHIBDl5',$,'ORTHOGRAPHIC',$,'DRAWING');
#2898=IFCRELASSIGNSTOGROUP('1AoZOlDx52yfC6oTnf3lCW',$,$,$,(#2885),$,#2897);
#2899=IFCPROPERTYSET('3t$i$ND7b9DQkQfguXbKkA',$,'EPset_Drawing',$,(#2901,#2902,#2903,#2904,#2905,#2906,#2907,#2908,#2909,#2910,#2911,#2912,#2913));
#2900=IFCRELDEFINESBYPROPERTIES('23MqNw6y14TfOsWImvqmvD',$,$,$,(#2885),#2899);
#2901=IFCPROPERTYSINGLEVALUE('TargetView',$,IFCLABEL('MODEL_VIEW'),$);
#2902=IFCPROPERTYSINGLEVALUE('Scale',$,IFCLABEL('1/100'),$);
#2903=IFCPROPERTYSINGLEVALUE('HumanScale',$,IFCLABEL('1:100'),$);
#2904=IFCPROPERTYSINGLEVALUE('HasUnderlay',$,IFCBOOLEAN(.F.),$);
#2905=IFCPROPERTYSINGLEVALUE('HasLinework',$,IFCBOOLEAN(.T.),$);
#2906=IFCPROPERTYSINGLEVALUE('HasAnnotation',$,IFCBOOLEAN(.T.),$);
#2907=IFCPROPERTYSINGLEVALUE('GlobalReferencing',$,IFCBOOLEAN(.T.),$);
#2908=IFCPROPERTYSINGLEVALUE('Stylesheet',$,IFCTEXT('drawings/assets/default.css'),$);
#2909=IFCPROPERTYSINGLEVALUE('Markers',$,IFCTEXT('drawings/assets/markers.svg'),$);
#2910=IFCPROPERTYSINGLEVALUE('Symbols',$,IFCTEXT('drawings/assets/symbols.svg'),$);
#2911=IFCPROPERTYSINGLEVALUE('Patterns',$,IFCTEXT('drawings/assets/patterns.svg'),$);
#2912=IFCPROPERTYSINGLEVALUE('ShadingStyles',$,IFCTEXT('drawings/assets/shading_styles.json'),$);
#2913=IFCPROPERTYSINGLEVALUE('CurrentShadingStyle',$,IFCLABEL('Blender Default'),$);
#2914=IFCDOCUMENTINFORMATION('X','ORTHOGRAPHIC',$,$,$,$,'DRAWING',$,$,$,$,$,$,$,$,$,$);
#2915=IFCDOCUMENTREFERENCE('/Users/reinierzeldenrust/Documents/repos/kelp-3d-experiments/drawings/ORTHOGRAPHIC.svg','X',$,$,#2914);
#2916=IFCRELASSOCIATESDOCUMENT('0XMzrp_Yb4kfTsmk671d3f',$,$,$,(#2885),#2915);
#2927=IFCCARTESIANPOINT((0.,0.,2.5999999046325684));
#2928=IFCDIRECTION((0.,0.,1.));
#2929=IFCDIRECTION((1.,0.,0.));
#2930=IFCAXIS2PLACEMENT3D(#2927,#2928,#2929);
#2931=IFCLOCALPLACEMENT(#56,#2930);
#2932=IFCCARTESIANPOINT((0.,0.,0.));
#2933=IFCDIRECTION((0.,0.,1.));
#2934=IFCDIRECTION((1.,0.,0.));
#2935=IFCAXIS2PLACEMENT3D(#2932,#2933,#2934);
#2936=IFCLOCALPLACEMENT(#62,#2935);
#2937=IFCCARTESIANPOINT((0.,0.,-2.5999999046325684));
#2938=IFCDIRECTION((0.,0.,1.));
#2939=IFCDIRECTION((1.,0.,0.));
#2940=IFCAXIS2PLACEMENT3D(#2937,#2938,#2939);
#2941=IFCLOCALPLACEMENT(#2931,#2940);
#2942=IFCCARTESIANPOINT((0.,0.,-2.5999999046325684));
#2943=IFCDIRECTION((0.,0.,1.));
#2944=IFCDIRECTION((1.,0.,0.));
#2945=IFCAXIS2PLACEMENT3D(#2942,#2943,#2944);
#2946=IFCLOCALPLACEMENT(#2931,#2945);
#2947=IFCCARTESIANPOINT((1.730010986328125,5.677107334136963,-100.));
#2948=IFCDIRECTION((0.,0.,1.));
#2949=IFCDIRECTION((0.9074694514274597,0.4201180338859558,0.));
#2950=IFCAXIS2PLACEMENT3D(#2947,#2948,#2949);
#2951=IFCLOCALPLACEMENT(#62,#2950);
#2952=IFCCARTESIANPOINT((1.730010986328125,5.677107334136963,-100.00000143051147));
#2953=IFCDIRECTION((0.,0.,1.));
#2954=IFCDIRECTION((0.9074694514274597,0.4201180338859558,0.));
#2955=IFCAXIS2PLACEMENT3D(#2952,#2953,#2954);
#2956=IFCLOCALPLACEMENT(#2931,#2955);
#2957=IFCCARTESIANPOINT((0.,0.,-2.5999999046325684));
#2958=IFCDIRECTION((0.,0.,1.));
#2959=IFCDIRECTION((1.,0.,0.));
#2960=IFCAXIS2PLACEMENT3D(#2957,#2958,#2959);
#2961=IFCLOCALPLACEMENT(#2931,#2960);
#2962=IFCCARTESIANPOINT((0.,0.,-2.5999999046325684));
#2963=IFCDIRECTION((0.,0.,1.));
#2964=IFCDIRECTION((1.,0.,0.));
#2965=IFCAXIS2PLACEMENT3D(#2962,#2963,#2964);
#2966=IFCLOCALPLACEMENT(#2931,#2965);
#2967=IFCCARTESIANPOINT((0.,0.,0.));
#2968=IFCDIRECTION((0.,0.,1.));
#2969=IFCDIRECTION((1.,0.,0.));
#2970=IFCAXIS2PLACEMENT3D(#2967,#2968,#2969);
#2971=IFCLOCALPLACEMENT(#62,#2970);
#2972=IFCCARTESIANPOINT((0.,0.,0.));
#2973=IFCDIRECTION((0.,0.,1.));
#2974=IFCDIRECTION((1.,0.,0.));
#2975=IFCAXIS2PLACEMENT3D(#2972,#2973,#2974);
#2976=IFCLOCALPLACEMENT(#62,#2975);
#2977=IFCCARTESIANPOINT((0.,0.,0.));
#2978=IFCDIRECTION((0.,0.,1.));
#2979=IFCDIRECTION((1.,0.,0.));
#2980=IFCAXIS2PLACEMENT3D(#2977,#2978,#2979);
#2981=IFCLOCALPLACEMENT(#62,#2980);
#2982=IFCCARTESIANPOINT((0.,0.,0.));
#2983=IFCDIRECTION((0.,0.,1.));
#2984=IFCDIRECTION((1.,0.,0.));
#2985=IFCAXIS2PLACEMENT3D(#2982,#2983,#2984);
#2986=IFCLOCALPLACEMENT(#62,#2985);
#2987=IFCCARTESIANPOINT((0.,0.,0.));
#2988=IFCDIRECTION((0.,0.,1.));
#2989=IFCDIRECTION((1.,0.,0.));
#2990=IFCAXIS2PLACEMENT3D(#2987,#2988,#2989);
#2991=IFCLOCALPLACEMENT(#62,#2990);
#2992=IFCCARTESIANPOINT((0.,0.,-2.5999999046325684));
#2993=IFCDIRECTION((0.,0.,1.));
#2994=IFCDIRECTION((1.,0.,0.));
#2995=IFCAXIS2PLACEMENT3D(#2992,#2993,#2994);
#2996=IFCLOCALPLACEMENT(#2931,#2995);
#2997=IFCCARTESIANPOINT((0.,0.,-2.5999999046325684));
#2998=IFCDIRECTION((0.,0.,1.));
#2999=IFCDIRECTION((1.,0.,0.));
#3000=IFCAXIS2PLACEMENT3D(#2997,#2998,#2999);
#3001=IFCLOCALPLACEMENT(#2931,#3000);
#3002=IFCCARTESIANPOINT((0.,0.,-2.5999999046325684));
#3003=IFCDIRECTION((0.,0.,1.));
#3004=IFCDIRECTION((1.,0.,0.));
#3005=IFCAXIS2PLACEMENT3D(#3002,#3003,#3004);
#3006=IFCLOCALPLACEMENT(#2931,#3005);
#3007=IFCCARTESIANPOINT((0.,0.,-2.5999999046325684));
#3008=IFCDIRECTION((0.,0.,1.));
#3009=IFCDIRECTION((1.,0.,0.));
#3010=IFCAXIS2PLACEMENT3D(#3007,#3008,#3009);
#3011=IFCLOCALPLACEMENT(#2931,#3010);
#3012=IFCCARTESIANPOINT((0.,0.,-2.5999999046325684));
#3013=IFCDIRECTION((0.,0.,1.));
#3014=IFCDIRECTION((1.,0.,0.));
#3015=IFCAXIS2PLACEMENT3D(#3012,#3013,#3014);
#3016=IFCLOCALPLACEMENT(#2931,#3015);
#3017=IFCCARTESIANPOINT((0.,0.,0.));
#3018=IFCDIRECTION((0.,0.,1.));
#3019=IFCDIRECTION((1.,0.,0.));
#3020=IFCAXIS2PLACEMENT3D(#3017,#3018,#3019);
#3021=IFCLOCALPLACEMENT(#62,#3020);
#3022=IFCCARTESIANPOINT((0.,0.,-2.5999999046325684));
#3023=IFCDIRECTION((0.,0.,1.));
#3024=IFCDIRECTION((1.,0.,0.));
#3025=IFCAXIS2PLACEMENT3D(#3022,#3023,#3024);
#3026=IFCLOCALPLACEMENT(#2931,#3025);
#3087=IFCCARTESIANPOINTLIST3D(((1.9522,-7.7139,6.8622),(4.5726,-6.5007,5.0964),(3.0736,-3.2629,5.0964),(-0.5603,-1.5199,6.7556),(3.7213,1.3759,7.4096),(2.2306,4.5959,5.0964),(1.1744,1.2378,6.9481),(-3.6621,-1.5772,7.4096),(-2.5518,3.3642,5.0964),(-5.35,2.0688,5.0964),(-5.0909,1.5091,5.0964),(5.3755,-2.1972,5.0964),(-2.0297,-5.1032,5.0964),(-3.278,-2.4068,6.8622),(-0.3316,-8.7712,5.0964),(-1.7209,-5.7701,5.0964),(-0.1458,4.4781,6.8622),(1.856,5.4049,5.0964)));
#3088=IFCINDEXEDPOLYGONALFACE((1,2,3));
#3089=IFCINDEXEDPOLYGONALFACE((3,4,1));
#3090=IFCINDEXEDPOLYGONALFACE((5,6,7));
#3091=IFCINDEXEDPOLYGONALFACE((8,5,7));
#3092=IFCINDEXEDPOLYGONALFACE((8,7,9));
#3093=IFCINDEXEDPOLYGONALFACE((9,10,11));
#3094=IFCINDEXEDPOLYGONALFACE((9,11,8));
#3095=IFCINDEXEDPOLYGONALFACE((4,3,12));
#3096=IFCINDEXEDPOLYGONALFACE((4,12,5));
#3097=IFCINDEXEDPOLYGONALFACE((4,5,8));
#3098=IFCINDEXEDPOLYGONALFACE((13,4,8));
#3099=IFCINDEXEDPOLYGONALFACE((8,14,13));
#3100=IFCINDEXEDPOLYGONALFACE((15,1,4));
#3101=IFCINDEXEDPOLYGONALFACE((15,4,13));
#3102=IFCINDEXEDPOLYGONALFACE((13,16,15));
#3103=IFCINDEXEDPOLYGONALFACE((17,9,7));
#3104=IFCINDEXEDPOLYGONALFACE((7,6,18));
#3105=IFCINDEXEDPOLYGONALFACE((18,17,7));
#3106=IFCPOLYGONALFACESET(#3087,.T.,(#3088,#3089,#3090,#3091,#3092,#3093,#3094,#3095,#3096,#3097,#3098,#3099,#3100,#3101,#3102,#3103,#3104,#3105),$);
#3107=IFCCARTESIANPOINTLIST3D(((-1.121408,-4.451036,0.),(-8.E-06,-3.6E-05,0.),(1.498992,-3.237836,0.),(-4.794508,-2.507236,0.2),(-3.405208,-5.508337,0.2),(-1.121408,-4.451036,0.2),(1.498992,-3.237836,0.2),(-8.E-06,-3.6E-05,0.2),(2.301892,1.065664,0.),(2.301892,1.065664,0.2),(0.647692,4.638763,0.),(0.647692,4.638763,0.2),(-0.630406,7.400013,0.),(-0.630406,7.400013,0.2),(-0.902656,7.273983,0.),(-0.902656,7.273983,0.2),(-1.115258,7.732734,0.),(-1.115258,7.732734,0.2),(-1.489582,8.541862,0.),(-1.489582,8.541862,0.2),(-3.219408,7.740963,0.),(-3.219408,7.740963,0.2),(-5.283208,6.785716,0.),(-5.283208,6.785716,0.2),(-5.043751,6.26844,0.),(-5.043751,6.26844,0.2),(-5.385951,6.109789,0.),(-5.385951,6.109789,0.2),(-8.184264,4.814634,0.),(-8.184264,4.814634,0.2),(-8.164508,4.771964,0.),(-8.164508,4.771964,0.2),(-6.735708,1.685664,0.),(-6.735708,1.685664,0.2),(-6.351608,0.856064,0.),(-6.351608,0.856064,0.2),(-5.103308,-1.840336,0.),(-5.103308,-1.840336,0.2),(-4.794508,-2.507236,0.),(-3.405208,-5.508337,0.)));
#3108=IFCINDEXEDPOLYGONALFACE((1,2,3));
#3109=IFCINDEXEDPOLYGONALFACE((4,5,6));
#3110=IFCINDEXEDPOLYGONALFACE((7,3,2));
#3111=IFCINDEXEDPOLYGONALFACE((8,2,9));
#3112=IFCINDEXEDPOLYGONALFACE((10,9,11));
#3113=IFCINDEXEDPOLYGONALFACE((12,11,13));
#3114=IFCINDEXEDPOLYGONALFACE((14,13,15));
#3115=IFCINDEXEDPOLYGONALFACE((16,15,17));
#3116=IFCINDEXEDPOLYGONALFACE((18,17,19));
#3117=IFCINDEXEDPOLYGONALFACE((20,19,21));
#3118=IFCINDEXEDPOLYGONALFACE((22,21,23));
#3119=IFCINDEXEDPOLYGONALFACE((24,23,25));
#3120=IFCINDEXEDPOLYGONALFACE((26,25,27));
#3121=IFCINDEXEDPOLYGONALFACE((28,27,29));
#3122=IFCINDEXEDPOLYGONALFACE((30,29,31));
#3123=IFCINDEXEDPOLYGONALFACE((32,31,33));
#3124=IFCINDEXEDPOLYGONALFACE((34,33,35));
#3125=IFCINDEXEDPOLYGONALFACE((36,35,37));
#3126=IFCINDEXEDPOLYGONALFACE((38,37,39));
#3127=IFCINDEXEDPOLYGONALFACE((4,39,40));
#3128=IFCINDEXEDPOLYGONALFACE((5,40,1));
#3129=IFCINDEXEDPOLYGONALFACE((6,1,3));
#3130=IFCINDEXEDPOLYGONALFACE((39,2,1));
#3131=IFCINDEXEDPOLYGONALFACE((37,2,39));
#3132=IFCINDEXEDPOLYGONALFACE((35,2,37));
#3133=IFCINDEXEDPOLYGONALFACE((11,2,35));
#3134=IFCINDEXEDPOLYGONALFACE((9,2,11));
#3135=IFCINDEXEDPOLYGONALFACE((25,11,35));
#3136=IFCINDEXEDPOLYGONALFACE((15,11,25));
#3137=IFCINDEXEDPOLYGONALFACE((13,11,15));
#3138=IFCINDEXEDPOLYGONALFACE((21,15,25));
#3139=IFCINDEXEDPOLYGONALFACE((17,15,21));
#3140=IFCINDEXEDPOLYGONALFACE((19,17,21));
#3141=IFCINDEXEDPOLYGONALFACE((23,21,25));
#3142=IFCINDEXEDPOLYGONALFACE((33,25,35));
#3143=IFCINDEXEDPOLYGONALFACE((27,25,33));
#3144=IFCINDEXEDPOLYGONALFACE((31,27,33));
#3145=IFCINDEXEDPOLYGONALFACE((29,27,31));
#3146=IFCINDEXEDPOLYGONALFACE((40,39,1));
#3147=IFCINDEXEDPOLYGONALFACE((8,4,6));
#3148=IFCINDEXEDPOLYGONALFACE((38,4,8));
#3149=IFCINDEXEDPOLYGONALFACE((36,38,8));
#3150=IFCINDEXEDPOLYGONALFACE((12,36,8));
#3151=IFCINDEXEDPOLYGONALFACE((26,36,12));
#3152=IFCINDEXEDPOLYGONALFACE((34,36,26));
#3153=IFCINDEXEDPOLYGONALFACE((28,34,26));
#3154=IFCINDEXEDPOLYGONALFACE((32,34,28));
#3155=IFCINDEXEDPOLYGONALFACE((30,32,28));
#3156=IFCINDEXEDPOLYGONALFACE((16,26,12));
#3157=IFCINDEXEDPOLYGONALFACE((22,26,16));
#3158=IFCINDEXEDPOLYGONALFACE((24,26,22));
#3159=IFCINDEXEDPOLYGONALFACE((18,22,16));
#3160=IFCINDEXEDPOLYGONALFACE((20,22,18));
#3161=IFCINDEXEDPOLYGONALFACE((14,16,12));
#3162=IFCINDEXEDPOLYGONALFACE((10,12,8));
#3163=IFCINDEXEDPOLYGONALFACE((7,8,6));
#3164=IFCINDEXEDPOLYGONALFACE((2,8,7));
#3165=IFCINDEXEDPOLYGONALFACE((9,10,8));
#3166=IFCINDEXEDPOLYGONALFACE((11,12,10));
#3167=IFCINDEXEDPOLYGONALFACE((13,14,12));
#3168=IFCINDEXEDPOLYGONALFACE((15,16,14));
#3169=IFCINDEXEDPOLYGONALFACE((17,18,16));
#3170=IFCINDEXEDPOLYGONALFACE((19,20,18));
#3171=IFCINDEXEDPOLYGONALFACE((21,22,20));
#3172=IFCINDEXEDPOLYGONALFACE((23,24,22));
#3173=IFCINDEXEDPOLYGONALFACE((25,26,24));
#3174=IFCINDEXEDPOLYGONALFACE((27,28,26));
#3175=IFCINDEXEDPOLYGONALFACE((29,30,28));
#3176=IFCINDEXEDPOLYGONALFACE((31,32,30));
#3177=IFCINDEXEDPOLYGONALFACE((33,34,32));
#3178=IFCINDEXEDPOLYGONALFACE((35,36,34));
#3179=IFCINDEXEDPOLYGONALFACE((37,38,36));
#3180=IFCINDEXEDPOLYGONALFACE((39,4,38));
#3181=IFCINDEXEDPOLYGONALFACE((40,5,4));
#3182=IFCINDEXEDPOLYGONALFACE((1,6,5));
#3183=IFCINDEXEDPOLYGONALFACE((3,7,6));
#3184=IFCPOLYGONALFACESET(#3107,.T.,(#3108,#3109,#3110,#3111,#3112,#3113,#3114,#3115,#3116,#3117,#3118,#3119,#3120,#3121,#3122,#3123,#3124,#3125,#3126,#3127,#3128,#3129,#3130,#3131,#3132,#3133,#3134,#3135,#3136,#3137,#3138,#3139,#3140,#3141,#3142,#3143,#3144,#3145,#3146,#3147,#3148,#3149,#3150,#3151,#3152,#3153,#3154,#3155,#3156,#3157,#3158,#3159,#3160,#3161,#3162,#3163,#3164,#3165,#3166,#3167,#3168,#3169,#3170,#3171,#3172,#3173,#3174,#3175,#3176,#3177,#3178,#3179,#3180,#3181,#3182,#3183),$);
#3185=IFCCARTESIANPOINTLIST3D(((-1.121408,-4.451036,0.),(-8.E-06,-3.6E-05,0.),(1.498992,-3.237836,0.),(-4.794508,-2.507236,0.2),(-3.405208,-5.508337,0.2),(-1.121408,-4.451036,0.2),(1.498992,-3.237836,0.2),(-8.E-06,-3.6E-05,0.2),(2.301892,1.065664,0.),(2.301892,1.065664,0.2),(0.647692,4.638763,0.),(0.647692,4.638763,0.2),(-0.630406,7.400013,0.),(-0.630406,7.400013,0.2),(-0.902656,7.273983,0.),(-0.902656,7.273983,0.2),(-1.115258,7.732734,0.),(-1.115258,7.732734,0.2),(-1.489582,8.541862,0.),(-1.489582,8.541862,0.2),(-3.219408,7.740963,0.),(-3.219408,7.740963,0.2),(-5.283208,6.785716,0.),(-5.283208,6.785716,0.2),(-5.043751,6.26844,0.),(-5.043751,6.26844,0.2),(-5.385951,6.109789,0.),(-5.385951,6.109789,0.2),(-8.184264,4.814634,0.),(-8.184264,4.814634,0.2),(-8.164508,4.771964,0.),(-8.164508,4.771964,0.2),(-6.735708,1.685664,0.),(-6.735708,1.685664,0.2),(-6.351608,0.856064,0.),(-6.351608,0.856064,0.2),(-5.103308,-1.840336,0.),(-5.103308,-1.840336,0.2),(-4.794508,-2.507236,0.),(-3.405208,-5.508337,0.)));
#3186=IFCINDEXEDPOLYGONALFACE((1,2,3));
#3187=IFCINDEXEDPOLYGONALFACE((4,5,6));
#3188=IFCINDEXEDPOLYGONALFACE((7,3,2));
#3189=IFCINDEXEDPOLYGONALFACE((8,2,9));
#3190=IFCINDEXEDPOLYGONALFACE((10,9,11));
#3191=IFCINDEXEDPOLYGONALFACE((12,11,13));
#3192=IFCINDEXEDPOLYGONALFACE((14,13,15));
#3193=IFCINDEXEDPOLYGONALFACE((16,15,17));
#3194=IFCINDEXEDPOLYGONALFACE((18,17,19));
#3195=IFCINDEXEDPOLYGONALFACE((20,19,21));
#3196=IFCINDEXEDPOLYGONALFACE((22,21,23));
#3197=IFCINDEXEDPOLYGONALFACE((24,23,25));
#3198=IFCINDEXEDPOLYGONALFACE((26,25,27));
#3199=IFCINDEXEDPOLYGONALFACE((28,27,29));
#3200=IFCINDEXEDPOLYGONALFACE((30,29,31));
#3201=IFCINDEXEDPOLYGONALFACE((32,31,33));
#3202=IFCINDEXEDPOLYGONALFACE((34,33,35));
#3203=IFCINDEXEDPOLYGONALFACE((36,35,37));
#3204=IFCINDEXEDPOLYGONALFACE((38,37,39));
#3205=IFCINDEXEDPOLYGONALFACE((4,39,40));
#3206=IFCINDEXEDPOLYGONALFACE((5,40,1));
#3207=IFCINDEXEDPOLYGONALFACE((6,1,3));
#3208=IFCINDEXEDPOLYGONALFACE((39,2,1));
#3209=IFCINDEXEDPOLYGONALFACE((37,2,39));
#3210=IFCINDEXEDPOLYGONALFACE((35,2,37));
#3211=IFCINDEXEDPOLYGONALFACE((11,2,35));
#3212=IFCINDEXEDPOLYGONALFACE((9,2,11));
#3213=IFCINDEXEDPOLYGONALFACE((25,11,35));
#3214=IFCINDEXEDPOLYGONALFACE((15,11,25));
#3215=IFCINDEXEDPOLYGONALFACE((13,11,15));
#3216=IFCINDEXEDPOLYGONALFACE((21,15,25));
#3217=IFCINDEXEDPOLYGONALFACE((17,15,21));
#3218=IFCINDEXEDPOLYGONALFACE((19,17,21));
#3219=IFCINDEXEDPOLYGONALFACE((23,21,25));
#3220=IFCINDEXEDPOLYGONALFACE((33,25,35));
#3221=IFCINDEXEDPOLYGONALFACE((27,25,33));
#3222=IFCINDEXEDPOLYGONALFACE((31,27,33));
#3223=IFCINDEXEDPOLYGONALFACE((29,27,31));
#3224=IFCINDEXEDPOLYGONALFACE((40,39,1));
#3225=IFCINDEXEDPOLYGONALFACE((8,4,6));
#3226=IFCINDEXEDPOLYGONALFACE((38,4,8));
#3227=IFCINDEXEDPOLYGONALFACE((36,38,8));
#3228=IFCINDEXEDPOLYGONALFACE((12,36,8));
#3229=IFCINDEXEDPOLYGONALFACE((26,36,12));
#3230=IFCINDEXEDPOLYGONALFACE((34,36,26));
#3231=IFCINDEXEDPOLYGONALFACE((28,34,26));
#3232=IFCINDEXEDPOLYGONALFACE((32,34,28));
#3233=IFCINDEXEDPOLYGONALFACE((30,32,28));
#3234=IFCINDEXEDPOLYGONALFACE((16,26,12));
#3235=IFCINDEXEDPOLYGONALFACE((22,26,16));
#3236=IFCINDEXEDPOLYGONALFACE((24,26,22));
#3237=IFCINDEXEDPOLYGONALFACE((18,22,16));
#3238=IFCINDEXEDPOLYGONALFACE((20,22,18));
#3239=IFCINDEXEDPOLYGONALFACE((14,16,12));
#3240=IFCINDEXEDPOLYGONALFACE((10,12,8));
#3241=IFCINDEXEDPOLYGONALFACE((7,8,6));
#3242=IFCINDEXEDPOLYGONALFACE((2,8,7));
#3243=IFCINDEXEDPOLYGONALFACE((9,10,8));
#3244=IFCINDEXEDPOLYGONALFACE((11,12,10));
#3245=IFCINDEXEDPOLYGONALFACE((13,14,12));
#3246=IFCINDEXEDPOLYGONALFACE((15,16,14));
#3247=IFCINDEXEDPOLYGONALFACE((17,18,16));
#3248=IFCINDEXEDPOLYGONALFACE((19,20,18));
#3249=IFCINDEXEDPOLYGONALFACE((21,22,20));
#3250=IFCINDEXEDPOLYGONALFACE((23,24,22));
#3251=IFCINDEXEDPOLYGONALFACE((25,26,24));
#3252=IFCINDEXEDPOLYGONALFACE((27,28,26));
#3253=IFCINDEXEDPOLYGONALFACE((29,30,28));
#3254=IFCINDEXEDPOLYGONALFACE((31,32,30));
#3255=IFCINDEXEDPOLYGONALFACE((33,34,32));
#3256=IFCINDEXEDPOLYGONALFACE((35,36,34));
#3257=IFCINDEXEDPOLYGONALFACE((37,38,36));
#3258=IFCINDEXEDPOLYGONALFACE((39,4,38));
#3259=IFCINDEXEDPOLYGONALFACE((40,5,4));
#3260=IFCINDEXEDPOLYGONALFACE((1,6,5));
#3261=IFCINDEXEDPOLYGONALFACE((3,7,6));
#3262=IFCPOLYGONALFACESET(#3185,.T.,(#3186,#3187,#3188,#3189,#3190,#3191,#3192,#3193,#3194,#3195,#3196,#3197,#3198,#3199,#3200,#3201,#3202,#3203,#3204,#3205,#3206,#3207,#3208,#3209,#3210,#3211,#3212,#3213,#3214,#3215,#3216,#3217,#3218,#3219,#3220,#3221,#3222,#3223,#3224,#3225,#3226,#3227,#3228,#3229,#3230,#3231,#3232,#3233,#3234,#3235,#3236,#3237,#3238,#3239,#3240,#3241,#3242,#3243,#3244,#3245,#3246,#3247,#3248,#3249,#3250,#3251,#3252,#3253,#3254,#3255,#3256,#3257,#3258,#3259,#3260,#3261),$);
#3263=IFCCARTESIANPOINTLIST3D(((-1.121408,-4.451036,-5.E-05),(-8.E-06,-3.6E-05,-5.E-05),(1.498992,-3.237836,-5.E-05),(-4.794508,-2.507236,0.19995),(-3.405208,-5.508337,0.19995),(-1.121408,-4.451036,0.19995),(1.498992,-3.237836,0.19995),(-8.E-06,-3.6E-05,0.19995),(2.301892,1.065664,-5.E-05),(2.301892,1.065664,0.19995),(0.647692,4.638763,-5.E-05),(0.647692,4.638763,0.19995),(-0.630406,7.400013,-5.E-05),(-0.630406,7.400013,0.19995),(-0.902656,7.273983,-5.E-05),(-0.902656,7.273983,0.19995),(-1.115258,7.732734,-5.E-05),(-1.115258,7.732734,0.19995),(-1.489582,8.541862,-5.E-05),(-1.489582,8.541862,0.19995),(-3.219408,7.740963,-5.E-05),(-3.219408,7.740963,0.19995),(-5.283208,6.785716,-5.E-05),(-5.283208,6.785716,0.19995),(-5.043751,6.26844,-5.E-05),(-5.043751,6.26844,0.19995),(-5.385951,6.109789,-5.E-05),(-5.385951,6.109789,0.19995),(-8.184264,4.814634,-5.E-05),(-8.184264,4.814634,0.19995),(-8.164508,4.771964,-5.E-05),(-8.164508,4.771964,0.19995),(-6.735708,1.685664,-5.E-05),(-6.735708,1.685664,0.19995),(-6.351608,0.856064,-5.E-05),(-6.351608,0.856064,0.19995),(-5.103308,-1.840336,-5.E-05),(-5.103308,-1.840336,0.19995),(-4.794508,-2.507236,-5.E-05),(-3.405208,-5.508337,-5.E-05)));
#3264=IFCINDEXEDPOLYGONALFACE((1,2,3));
#3265=IFCINDEXEDPOLYGONALFACE((4,5,6));
#3266=IFCINDEXEDPOLYGONALFACE((7,3,2));
#3267=IFCINDEXEDPOLYGONALFACE((8,2,9));
#3268=IFCINDEXEDPOLYGONALFACE((10,9,11));
#3269=IFCINDEXEDPOLYGONALFACE((12,11,13));
#3270=IFCINDEXEDPOLYGONALFACE((14,13,15));
#3271=IFCINDEXEDPOLYGONALFACE((16,15,17));
#3272=IFCINDEXEDPOLYGONALFACE((18,17,19));
#3273=IFCINDEXEDPOLYGONALFACE((20,19,21));
#3274=IFCINDEXEDPOLYGONALFACE((22,21,23));
#3275=IFCINDEXEDPOLYGONALFACE((24,23,25));
#3276=IFCINDEXEDPOLYGONALFACE((26,25,27));
#3277=IFCINDEXEDPOLYGONALFACE((28,27,29));
#3278=IFCINDEXEDPOLYGONALFACE((30,29,31));
#3279=IFCINDEXEDPOLYGONALFACE((32,31,33));
#3280=IFCINDEXEDPOLYGONALFACE((34,33,35));
#3281=IFCINDEXEDPOLYGONALFACE((36,35,37));
#3282=IFCINDEXEDPOLYGONALFACE((38,37,39));
#3283=IFCINDEXEDPOLYGONALFACE((4,39,40));
#3284=IFCINDEXEDPOLYGONALFACE((5,40,1));
#3285=IFCINDEXEDPOLYGONALFACE((6,1,3));
#3286=IFCINDEXEDPOLYGONALFACE((39,2,1));
#3287=IFCINDEXEDPOLYGONALFACE((37,2,39));
#3288=IFCINDEXEDPOLYGONALFACE((35,2,37));
#3289=IFCINDEXEDPOLYGONALFACE((11,2,35));
#3290=IFCINDEXEDPOLYGONALFACE((9,2,11));
#3291=IFCINDEXEDPOLYGONALFACE((25,11,35));
#3292=IFCINDEXEDPOLYGONALFACE((15,11,25));
#3293=IFCINDEXEDPOLYGONALFACE((13,11,15));
#3294=IFCINDEXEDPOLYGONALFACE((21,15,25));
#3295=IFCINDEXEDPOLYGONALFACE((17,15,21));
#3296=IFCINDEXEDPOLYGONALFACE((19,17,21));
#3297=IFCINDEXEDPOLYGONALFACE((23,21,25));
#3298=IFCINDEXEDPOLYGONALFACE((33,25,35));
#3299=IFCINDEXEDPOLYGONALFACE((27,25,33));
#3300=IFCINDEXEDPOLYGONALFACE((31,27,33));
#3301=IFCINDEXEDPOLYGONALFACE((29,27,31));
#3302=IFCINDEXEDPOLYGONALFACE((40,39,1));
#3303=IFCINDEXEDPOLYGONALFACE((8,4,6));
#3304=IFCINDEXEDPOLYGONALFACE((38,4,8));
#3305=IFCINDEXEDPOLYGONALFACE((36,38,8));
#3306=IFCINDEXEDPOLYGONALFACE((12,36,8));
#3307=IFCINDEXEDPOLYGONALFACE((26,36,12));
#3308=IFCINDEXEDPOLYGONALFACE((34,36,26));
#3309=IFCINDEXEDPOLYGONALFACE((28,34,26));
#3310=IFCINDEXEDPOLYGONALFACE((32,34,28));
#3311=IFCINDEXEDPOLYGONALFACE((30,32,28));
#3312=IFCINDEXEDPOLYGONALFACE((16,26,12));
#3313=IFCINDEXEDPOLYGONALFACE((22,26,16));
#3314=IFCINDEXEDPOLYGONALFACE((24,26,22));
#3315=IFCINDEXEDPOLYGONALFACE((18,22,16));
#3316=IFCINDEXEDPOLYGONALFACE((20,22,18));
#3317=IFCINDEXEDPOLYGONALFACE((14,16,12));
#3318=IFCINDEXEDPOLYGONALFACE((10,12,8));
#3319=IFCINDEXEDPOLYGONALFACE((7,8,6));
#3320=IFCINDEXEDPOLYGONALFACE((2,8,7));
#3321=IFCINDEXEDPOLYGONALFACE((9,10,8));
#3322=IFCINDEXEDPOLYGONALFACE((11,12,10));
#3323=IFCINDEXEDPOLYGONALFACE((13,14,12));
#3324=IFCINDEXEDPOLYGONALFACE((15,16,14));
#3325=IFCINDEXEDPOLYGONALFACE((17,18,16));
#3326=IFCINDEXEDPOLYGONALFACE((19,20,18));
#3327=IFCINDEXEDPOLYGONALFACE((21,22,20));
#3328=IFCINDEXEDPOLYGONALFACE((23,24,22));
#3329=IFCINDEXEDPOLYGONALFACE((25,26,24));
#3330=IFCINDEXEDPOLYGONALFACE((27,28,26));
#3331=IFCINDEXEDPOLYGONALFACE((29,30,28));
#3332=IFCINDEXEDPOLYGONALFACE((31,32,30));
#3333=IFCINDEXEDPOLYGONALFACE((33,34,32));
#3334=IFCINDEXEDPOLYGONALFACE((35,36,34));
#3335=IFCINDEXEDPOLYGONALFACE((37,38,36));
#3336=IFCINDEXEDPOLYGONALFACE((39,4,38));
#3337=IFCINDEXEDPOLYGONALFACE((40,5,4));
#3338=IFCINDEXEDPOLYGONALFACE((1,6,5));
#3339=IFCINDEXEDPOLYGONALFACE((3,7,6));
#3340=IFCPOLYGONALFACESET(#3263,.T.,(#3264,#3265,#3266,#3267,#3268,#3269,#3270,#3271,#3272,#3273,#3274,#3275,#3276,#3277,#3278,#3279,#3280,#3281,#3282,#3283,#3284,#3285,#3286,#3287,#3288,#3289,#3290,#3291,#3292,#3293,#3294,#3295,#3296,#3297,#3298,#3299,#3300,#3301,#3302,#3303,#3304,#3305,#3306,#3307,#3308,#3309,#3310,#3311,#3312,#3313,#3314,#3315,#3316,#3317,#3318,#3319,#3320,#3321,#3322,#3323,#3324,#3325,#3326,#3327,#3328,#3329,#3330,#3331,#3332,#3333,#3334,#3335,#3336,#3337,#3338,#3339),$);
#3341=IFCCARTESIANPOINTLIST3D(((1.720113,5.342094,5.0964),(3.585231,1.313066,7.4096),(5.239375,-2.260215,5.0964),(5.511625,-2.134185,5.0964),(3.857481,1.439096,7.4096),(1.992363,5.468124,5.0964)));
#3342=IFCINDEXEDPOLYGONALFACE((1,2,3));
#3343=IFCINDEXEDPOLYGONALFACE((4,5,6));
#3344=IFCINDEXEDPOLYGONALFACE((5,4,3));
#3345=IFCINDEXEDPOLYGONALFACE((5,2,1));
#3346=IFCINDEXEDPOLYGONALFACE((3,4,6));
#3347=IFCINDEXEDPOLYGONALFACE((3,2,5));
#3348=IFCINDEXEDPOLYGONALFACE((1,6,5));
#3349=IFCINDEXEDPOLYGONALFACE((6,1,3));
#3350=IFCPOLYGONALFACESET(#3341,.T.,(#3342,#3343,#3344,#3345,#3346,#3347,#3348,#3349),$);
#3351=IFCCARTESIANPOINTLIST3D(((-5.287261,1.932845,5.0964),(-0.08293,4.342034,6.8622),(1.919015,5.268775,5.0964),(1.792985,5.541025,5.0964),(-0.20896,4.614285,6.8622),(-5.413291,2.205095,5.0964)));
#3352=IFCINDEXEDPOLYGONALFACE((1,2,3));
#3353=IFCINDEXEDPOLYGONALFACE((4,5,6));
#3354=IFCINDEXEDPOLYGONALFACE((4,3,2));
#3355=IFCINDEXEDPOLYGONALFACE((5,2,1));
#3356=IFCINDEXEDPOLYGONALFACE((3,4,6));
#3357=IFCINDEXEDPOLYGONALFACE((2,5,4));
#3358=IFCINDEXEDPOLYGONALFACE((1,6,5));
#3359=IFCINDEXEDPOLYGONALFACE((6,1,3));
#3360=IFCPOLYGONALFACESET(#3351,.T.,(#3352,#3353,#3354,#3355,#3356,#3357,#3358,#3359),$);
#3361=IFCCARTESIANPOINTLIST3D(((-5.213875,2.131815,5.0964),(-0.195654,-8.708545,5.0964),(-3.141984,-2.343884,6.8622),(-3.414234,-2.469914,6.8622),(-0.467904,-8.834575,5.0964),(-5.486125,2.005785,5.0964),(-3.525997,-1.514338,7.4096),(-3.798247,-1.640368,7.4096)));
#3362=IFCINDEXEDPOLYGONALFACE((1,2,3));
#3363=IFCINDEXEDPOLYGONALFACE((4,5,6));
#3364=IFCINDEXEDPOLYGONALFACE((6,1,7));
#3365=IFCINDEXEDPOLYGONALFACE((8,7,3));
#3366=IFCINDEXEDPOLYGONALFACE((4,3,2));
#3367=IFCINDEXEDPOLYGONALFACE((1,6,5));
#3368=IFCINDEXEDPOLYGONALFACE((3,7,1));
#3369=IFCINDEXEDPOLYGONALFACE((6,8,4));
#3370=IFCINDEXEDPOLYGONALFACE((7,8,6));
#3371=IFCINDEXEDPOLYGONALFACE((3,4,8));
#3372=IFCINDEXEDPOLYGONALFACE((2,5,4));
#3373=IFCINDEXEDPOLYGONALFACE((5,2,1));
#3374=IFCPOLYGONALFACESET(#3361,.T.,(#3362,#3363,#3364,#3365,#3366,#3367,#3368,#3369,#3370,#3371,#3372,#3373),$);
#3375=IFCCARTESIANPOINTLIST3D(((4.509787,-6.364728,5.0964),(1.88929,-7.577809,6.8622),(-0.394615,-8.635075,5.0964),(-0.268585,-8.907325,5.0964),(2.01532,-7.85006,6.8622),(4.635817,-6.636979,5.0964)));
#3376=IFCINDEXEDPOLYGONALFACE((1,2,3));
#3377=IFCINDEXEDPOLYGONALFACE((4,5,6));
#3378=IFCINDEXEDPOLYGONALFACE((4,3,2));
#3379=IFCINDEXEDPOLYGONALFACE((5,2,1));
#3380=IFCINDEXEDPOLYGONALFACE((1,3,4));
#3381=IFCINDEXEDPOLYGONALFACE((2,5,4));
#3382=IFCINDEXEDPOLYGONALFACE((1,6,5));
#3383=IFCINDEXEDPOLYGONALFACE((4,6,1));
#3384=IFCPOLYGONALFACESET(#3375,.T.,(#3376,#3377,#3378,#3379,#3380,#3381,#3382,#3383),$);
#3385=IFCCARTESIANPOINTLIST3D(((3.5E-05,-0.150018,0.),(4.4E-05,0.149988,0.),(3.568116,0.149883,0.),(4.4E-05,0.149988,2.6),(3.5E-05,-0.150018,2.6),(3.568107,-0.150123,2.6),(3.568107,-0.150123,0.),(3.568116,0.149883,2.6)));
#3386=IFCINDEXEDPOLYGONALFACE((1,2,3));
#3387=IFCINDEXEDPOLYGONALFACE((4,5,6));
#3388=IFCINDEXEDPOLYGONALFACE((5,1,7));
#3389=IFCINDEXEDPOLYGONALFACE((6,7,3));
#3390=IFCINDEXEDPOLYGONALFACE((8,3,2));
#3391=IFCINDEXEDPOLYGONALFACE((4,2,1));
#3392=IFCINDEXEDPOLYGONALFACE((3,7,1));
#3393=IFCINDEXEDPOLYGONALFACE((6,8,4));
#3394=IFCINDEXEDPOLYGONALFACE((7,6,5));
#3395=IFCINDEXEDPOLYGONALFACE((3,8,6));
#3396=IFCINDEXEDPOLYGONALFACE((2,4,8));
#3397=IFCINDEXEDPOLYGONALFACE((1,5,4));
#3398=IFCPOLYGONALFACESET(#3385,.T.,(#3386,#3387,#3388,#3389,#3390,#3391,#3392,#3393,#3394,#3395,#3396,#3397),$);
#3399=IFCCARTESIANPOINTLIST3D(((-2.8E-05,-0.150033,0.),(-1.9E-05,0.149973,0.),(2.536632,0.149899,0.),(-1.9E-05,0.149973,2.6),(-2.8E-05,-0.150033,2.6),(2.536623,-0.150107,2.6),(2.536623,-0.150107,0.),(2.536632,0.149899,2.6)));
#3400=IFCINDEXEDPOLYGONALFACE((1,2,3));
#3401=IFCINDEXEDPOLYGONALFACE((4,5,6));
#3402=IFCINDEXEDPOLYGONALFACE((5,1,7));
#3403=IFCINDEXEDPOLYGONALFACE((6,7,3));
#3404=IFCINDEXEDPOLYGONALFACE((8,3,2));
#3405=IFCINDEXEDPOLYGONALFACE((4,2,1));
#3406=IFCINDEXEDPOLYGONALFACE((3,7,1));
#3407=IFCINDEXEDPOLYGONALFACE((6,8,4));
#3408=IFCINDEXEDPOLYGONALFACE((7,6,5));
#3409=IFCINDEXEDPOLYGONALFACE((3,8,6));
#3410=IFCINDEXEDPOLYGONALFACE((2,4,8));
#3411=IFCINDEXEDPOLYGONALFACE((1,5,4));
#3412=IFCPOLYGONALFACESET(#3399,.T.,(#3400,#3401,#3402,#3403,#3404,#3405,#3406,#3407,#3408,#3409,#3410,#3411),$);
#3413=IFCCARTESIANPOINTLIST3D(((-1.3E-05,-0.150034,2.6),(-1.3E-05,-0.150034,0.),(6.980127,-0.15024,0.),(6.980127,-0.15024,2.6),(6.980136,0.149767,0.),(6.980136,0.149767,2.6),(8.377364,0.149725,0.),(8.377364,0.149725,2.6),(8.377373,0.449731,0.),(8.377373,0.449731,2.6),(6.980145,0.449772,0.),(6.980145,0.449772,2.6),(-5.E-06,0.149971,0.),(-5.E-06,0.149971,2.6)));
#3414=IFCINDEXEDPOLYGONALFACE((1,2,3));
#3415=IFCINDEXEDPOLYGONALFACE((4,3,5));
#3416=IFCINDEXEDPOLYGONALFACE((6,5,7));
#3417=IFCINDEXEDPOLYGONALFACE((8,7,9));
#3418=IFCINDEXEDPOLYGONALFACE((10,9,11));
#3419=IFCINDEXEDPOLYGONALFACE((12,11,5));
#3420=IFCINDEXEDPOLYGONALFACE((6,5,13));
#3421=IFCINDEXEDPOLYGONALFACE((14,13,2));
#3422=IFCINDEXEDPOLYGONALFACE((3,4,1));
#3423=IFCINDEXEDPOLYGONALFACE((5,6,4));
#3424=IFCINDEXEDPOLYGONALFACE((7,8,6));
#3425=IFCINDEXEDPOLYGONALFACE((9,10,8));
#3426=IFCINDEXEDPOLYGONALFACE((11,12,10));
#3427=IFCINDEXEDPOLYGONALFACE((5,6,12));
#3428=IFCINDEXEDPOLYGONALFACE((13,14,6));
#3429=IFCINDEXEDPOLYGONALFACE((2,1,14));
#3430=IFCPOLYGONALFACESET(#3413,.T.,(#3414,#3415,#3416,#3417,#3418,#3419,#3420,#3421,#3422,#3423,#3424,#3425,#3426,#3427,#3428,#3429),$);
#3431=IFCCARTESIANPOINTLIST3D(((1.03446,0.115437,2.6),(1.03446,0.115437,0.),(5.512042,-0.034432,0.),(5.512042,-0.034432,2.6),(5.531111,0.53526,0.),(5.531111,0.53526,2.6),(8.990043,0.419487,0.),(8.990043,0.419487,2.6),(9.000079,0.719324,0.),(9.000079,0.719324,2.6),(5.541146,0.835098,0.),(5.541146,0.835098,2.6),(5.522079,0.265406,0.),(5.522079,0.265406,2.6),(1.044496,0.415275,0.),(1.044496,0.415275,2.6)));
#3432=IFCINDEXEDPOLYGONALFACE((1,2,3));
#3433=IFCINDEXEDPOLYGONALFACE((4,3,5));
#3434=IFCINDEXEDPOLYGONALFACE((6,5,7));
#3435=IFCINDEXEDPOLYGONALFACE((8,7,9));
#3436=IFCINDEXEDPOLYGONALFACE((10,9,11));
#3437=IFCINDEXEDPOLYGONALFACE((12,11,13));
#3438=IFCINDEXEDPOLYGONALFACE((14,13,15));
#3439=IFCINDEXEDPOLYGONALFACE((16,15,2));
#3440=IFCINDEXEDPOLYGONALFACE((3,4,1));
#3441=IFCINDEXEDPOLYGONALFACE((5,6,4));
#3442=IFCINDEXEDPOLYGONALFACE((7,8,6));
#3443=IFCINDEXEDPOLYGONALFACE((9,10,8));
#3444=IFCINDEXEDPOLYGONALFACE((11,12,10));
#3445=IFCINDEXEDPOLYGONALFACE((13,14,12));
#3446=IFCINDEXEDPOLYGONALFACE((15,16,14));
#3447=IFCINDEXEDPOLYGONALFACE((2,1,16));
#3448=IFCPOLYGONALFACESET(#3431,.T.,(#3432,#3433,#3434,#3435,#3436,#3437,#3438,#3439,#3440,#3441,#3442,#3443,#3444,#3445,#3446,#3447),$);
#3449=IFCCARTESIANPOINTLIST3D(((11.945524,-0.150338,0.),(-1.6E-05,-0.149991,0.),(-7.E-06,0.150015,0.),(-7.E-06,0.150015,2.6),(-1.6E-05,-0.149991,2.6),(11.945524,-0.150338,2.6),(11.945534,0.149668,0.),(11.945534,0.149668,2.6)));
#3450=IFCINDEXEDPOLYGONALFACE((1,2,3));
#3451=IFCINDEXEDPOLYGONALFACE((4,5,6));
#3452=IFCINDEXEDPOLYGONALFACE((5,2,1));
#3453=IFCINDEXEDPOLYGONALFACE((6,1,7));
#3454=IFCINDEXEDPOLYGONALFACE((8,7,3));
#3455=IFCINDEXEDPOLYGONALFACE((4,3,2));
#3456=IFCINDEXEDPOLYGONALFACE((3,7,1));
#3457=IFCINDEXEDPOLYGONALFACE((6,8,4));
#3458=IFCINDEXEDPOLYGONALFACE((1,6,5));
#3459=IFCINDEXEDPOLYGONALFACE((7,8,6));
#3460=IFCINDEXEDPOLYGONALFACE((3,4,8));
#3461=IFCINDEXEDPOLYGONALFACE((2,5,4));
#3462=IFCPOLYGONALFACESET(#3449,.T.,(#3450,#3451,#3452,#3453,#3454,#3455,#3456,#3457,#3458,#3459,#3460,#3461),$);
#3463=IFCCARTESIANPOINTLIST3D(((3.5E-05,-0.150018,0.),(4.4E-05,0.149988,0.),(3.568116,0.149883,0.),(4.4E-05,0.149988,2.4964),(3.5E-05,-0.150018,2.4964),(3.568107,-0.150123,2.4964),(3.568107,-0.150123,0.),(3.568116,0.149883,2.4964)));
#3464=IFCINDEXEDPOLYGONALFACE((1,2,3));
#3465=IFCINDEXEDPOLYGONALFACE((4,5,6));
#3466=IFCINDEXEDPOLYGONALFACE((5,1,7));
#3467=IFCINDEXEDPOLYGONALFACE((6,7,3));
#3468=IFCINDEXEDPOLYGONALFACE((8,3,2));
#3469=IFCINDEXEDPOLYGONALFACE((4,2,1));
#3470=IFCINDEXEDPOLYGONALFACE((3,7,1));
#3471=IFCINDEXEDPOLYGONALFACE((6,8,4));
#3472=IFCINDEXEDPOLYGONALFACE((7,6,5));
#3473=IFCINDEXEDPOLYGONALFACE((3,8,6));
#3474=IFCINDEXEDPOLYGONALFACE((2,4,8));
#3475=IFCINDEXEDPOLYGONALFACE((1,5,4));
#3476=IFCPOLYGONALFACESET(#3463,.T.,(#3464,#3465,#3466,#3467,#3468,#3469,#3470,#3471,#3472,#3473,#3474,#3475),$);
#3477=IFCCARTESIANPOINTLIST3D(((-2.8E-05,-0.150033,0.),(-1.9E-05,0.149973,0.),(2.536632,0.149899,0.),(-1.9E-05,0.149973,2.4964),(-2.8E-05,-0.150033,2.4964),(2.536623,-0.150107,2.4964),(2.536623,-0.150107,0.),(2.536632,0.149899,2.4964)));
#3478=IFCINDEXEDPOLYGONALFACE((1,2,3));
#3479=IFCINDEXEDPOLYGONALFACE((4,5,6));
#3480=IFCINDEXEDPOLYGONALFACE((5,1,7));
#3481=IFCINDEXEDPOLYGONALFACE((6,7,3));
#3482=IFCINDEXEDPOLYGONALFACE((8,3,2));
#3483=IFCINDEXEDPOLYGONALFACE((4,2,1));
#3484=IFCINDEXEDPOLYGONALFACE((3,7,1));
#3485=IFCINDEXEDPOLYGONALFACE((6,8,4));
#3486=IFCINDEXEDPOLYGONALFACE((7,6,5));
#3487=IFCINDEXEDPOLYGONALFACE((3,8,6));
#3488=IFCINDEXEDPOLYGONALFACE((2,4,8));
#3489=IFCINDEXEDPOLYGONALFACE((1,5,4));
#3490=IFCPOLYGONALFACESET(#3477,.T.,(#3478,#3479,#3480,#3481,#3482,#3483,#3484,#3485,#3486,#3487,#3488,#3489),$);
#3491=IFCCARTESIANPOINTLIST3D(((-1.3E-05,-0.150034,2.4964),(-1.3E-05,-0.150034,0.),(6.980127,-0.15024,0.),(6.980127,-0.15024,2.4964),(6.980136,0.149767,0.),(6.980136,0.149767,2.4964),(8.377364,0.149725,0.),(8.377364,0.149725,2.4964),(8.377373,0.449731,0.),(8.377373,0.449731,2.4964),(6.980145,0.449772,0.),(6.980145,0.449772,2.4964),(-5.E-06,0.149971,0.),(-5.E-06,0.149971,2.4964)));
#3492=IFCINDEXEDPOLYGONALFACE((1,2,3));
#3493=IFCINDEXEDPOLYGONALFACE((4,3,5));
#3494=IFCINDEXEDPOLYGONALFACE((6,5,7));
#3495=IFCINDEXEDPOLYGONALFACE((8,7,9));
#3496=IFCINDEXEDPOLYGONALFACE((10,9,11));
#3497=IFCINDEXEDPOLYGONALFACE((12,11,5));
#3498=IFCINDEXEDPOLYGONALFACE((6,5,13));
#3499=IFCINDEXEDPOLYGONALFACE((14,13,2));
#3500=IFCINDEXEDPOLYGONALFACE((3,4,1));
#3501=IFCINDEXEDPOLYGONALFACE((5,6,4));
#3502=IFCINDEXEDPOLYGONALFACE((7,8,6));
#3503=IFCINDEXEDPOLYGONALFACE((9,10,8));
#3504=IFCINDEXEDPOLYGONALFACE((11,12,10));
#3505=IFCINDEXEDPOLYGONALFACE((5,6,12));
#3506=IFCINDEXEDPOLYGONALFACE((13,14,6));
#3507=IFCINDEXEDPOLYGONALFACE((2,1,14));
#3508=IFCPOLYGONALFACESET(#3491,.T.,(#3492,#3493,#3494,#3495,#3496,#3497,#3498,#3499,#3500,#3501,#3502,#3503,#3504,#3505,#3506,#3507),$);
#3509=IFCCARTESIANPOINTLIST3D(((1.03446,0.115437,2.4964),(1.03446,0.115437,0.),(5.512042,-0.034432,0.),(5.512042,-0.034432,2.4964),(5.531111,0.53526,0.),(5.531111,0.53526,2.4964),(8.990043,0.419487,0.),(8.990043,0.419487,2.4964),(9.000079,0.719324,0.),(9.000079,0.719324,2.4964),(5.541146,0.835098,0.),(5.541146,0.835098,2.4964),(5.522079,0.265406,0.),(5.522079,0.265406,2.4964),(1.044496,0.415275,0.),(1.044496,0.415275,2.4964)));
#3510=IFCINDEXEDPOLYGONALFACE((1,2,3));
#3511=IFCINDEXEDPOLYGONALFACE((4,3,5));
#3512=IFCINDEXEDPOLYGONALFACE((6,5,7));
#3513=IFCINDEXEDPOLYGONALFACE((8,7,9));
#3514=IFCINDEXEDPOLYGONALFACE((10,9,11));
#3515=IFCINDEXEDPOLYGONALFACE((12,11,13));
#3516=IFCINDEXEDPOLYGONALFACE((14,13,15));
#3517=IFCINDEXEDPOLYGONALFACE((16,15,2));
#3518=IFCINDEXEDPOLYGONALFACE((3,4,1));
#3519=IFCINDEXEDPOLYGONALFACE((5,6,4));
#3520=IFCINDEXEDPOLYGONALFACE((7,8,6));
#3521=IFCINDEXEDPOLYGONALFACE((9,10,8));
#3522=IFCINDEXEDPOLYGONALFACE((11,12,10));
#3523=IFCINDEXEDPOLYGONALFACE((13,14,12));
#3524=IFCINDEXEDPOLYGONALFACE((15,16,14));
#3525=IFCINDEXEDPOLYGONALFACE((2,1,16));
#3526=IFCPOLYGONALFACESET(#3509,.T.,(#3510,#3511,#3512,#3513,#3514,#3515,#3516,#3517,#3518,#3519,#3520,#3521,#3522,#3523,#3524,#3525),$);
#3527=IFCCARTESIANPOINTLIST3D(((11.945524,-0.150338,0.),(-1.6E-05,-0.149991,0.),(-7.E-06,0.150015,0.),(-7.E-06,0.150015,2.4964),(-1.6E-05,-0.149991,2.4964),(11.945524,-0.150338,2.4964),(11.945534,0.149668,0.),(11.945534,0.149668,2.4964)));
#3528=IFCINDEXEDPOLYGONALFACE((1,2,3));
#3529=IFCINDEXEDPOLYGONALFACE((4,5,6));
#3530=IFCINDEXEDPOLYGONALFACE((5,2,1));
#3531=IFCINDEXEDPOLYGONALFACE((6,1,7));
#3532=IFCINDEXEDPOLYGONALFACE((8,7,3));
#3533=IFCINDEXEDPOLYGONALFACE((4,3,2));
#3534=IFCINDEXEDPOLYGONALFACE((3,7,1));
#3535=IFCINDEXEDPOLYGONALFACE((6,8,4));
#3536=IFCINDEXEDPOLYGONALFACE((1,6,5));
#3537=IFCINDEXEDPOLYGONALFACE((7,8,6));
#3538=IFCINDEXEDPOLYGONALFACE((3,4,8));
#3539=IFCINDEXEDPOLYGONALFACE((2,5,4));
#3540=IFCPOLYGONALFACESET(#3527,.T.,(#3528,#3529,#3530,#3531,#3532,#3533,#3534,#3535,#3536,#3537,#3538,#3539),$);
#3541=IFCCARTESIANPOINTLIST3D(((-2.6E-05,-0.15003,0.),(-1.8E-05,0.149976,0.),(5.404391,0.149818,0.),(-1.8E-05,0.149976,2.6),(-2.6E-05,-0.15003,2.6),(5.404382,-0.150188,2.6),(5.404382,-0.150188,0.),(5.404391,0.149818,2.6)));
#3542=IFCINDEXEDPOLYGONALFACE((1,2,3));
#3543=IFCINDEXEDPOLYGONALFACE((4,5,6));
#3544=IFCINDEXEDPOLYGONALFACE((5,1,7));
#3545=IFCINDEXEDPOLYGONALFACE((6,7,3));
#3546=IFCINDEXEDPOLYGONALFACE((8,3,2));
#3547=IFCINDEXEDPOLYGONALFACE((4,2,1));
#3548=IFCINDEXEDPOLYGONALFACE((3,7,1));
#3549=IFCINDEXEDPOLYGONALFACE((6,8,4));
#3550=IFCINDEXEDPOLYGONALFACE((7,6,5));
#3551=IFCINDEXEDPOLYGONALFACE((3,8,6));
#3552=IFCINDEXEDPOLYGONALFACE((2,4,8));
#3553=IFCINDEXEDPOLYGONALFACE((1,5,4));
#3554=IFCPOLYGONALFACESET(#3541,.T.,(#3542,#3543,#3544,#3545,#3546,#3547,#3548,#3549,#3550,#3551,#3552,#3553),$);
#3555=IFCCARTESIANPOINTLIST3D(((-2.6E-05,-0.15003,0.),(-1.8E-05,0.149976,0.),(5.404391,0.149818,0.),(-1.8E-05,0.149976,2.4964),(-2.6E-05,-0.15003,2.4964),(5.404382,-0.150188,2.4964),(5.404382,-0.150188,0.),(5.404391,0.149818,2.4964)));
#3556=IFCINDEXEDPOLYGONALFACE((1,2,3));
#3557=IFCINDEXEDPOLYGONALFACE((4,5,6));
#3558=IFCINDEXEDPOLYGONALFACE((5,1,7));
#3559=IFCINDEXEDPOLYGONALFACE((6,7,3));
#3560=IFCINDEXEDPOLYGONALFACE((8,3,2));
#3561=IFCINDEXEDPOLYGONALFACE((4,2,1));
#3562=IFCINDEXEDPOLYGONALFACE((3,7,1));
#3563=IFCINDEXEDPOLYGONALFACE((6,8,4));
#3564=IFCINDEXEDPOLYGONALFACE((7,6,5));
#3565=IFCINDEXEDPOLYGONALFACE((3,8,6));
#3566=IFCINDEXEDPOLYGONALFACE((2,4,8));
#3567=IFCINDEXEDPOLYGONALFACE((1,5,4));
#3568=IFCPOLYGONALFACESET(#3555,.T.,(#3556,#3557,#3558,#3559,#3560,#3561,#3562,#3563,#3564,#3565,#3566,#3567),$);
#3569=IFCCARTESIANPOINTLIST3D(((1.9522,-7.7139,6.8622),(4.5726,-6.5007,5.0964),(3.0736,-3.2629,5.0964),(-0.5603,-1.5199,6.7556),(3.7213,1.3759,7.4096),(2.2306,4.5959,5.0964),(1.1744,1.2378,6.9481),(-3.6621,-1.5772,7.4096),(-2.5518,3.3642,5.0964),(-5.35,2.0688,5.0964),(-5.0909,1.5091,5.0964),(5.3755,-2.1972,5.0964),(-2.0297,-5.1032,5.0964),(-3.278,-2.4068,6.8622),(-0.3316,-8.7712,5.0964),(-1.7209,-5.7701,5.0964),(-0.1458,4.4781,6.8622),(1.856,5.4049,5.0964)));
#3570=IFCINDEXEDPOLYGONALFACE((1,2,3));
#3571=IFCINDEXEDPOLYGONALFACE((3,4,1));
#3572=IFCINDEXEDPOLYGONALFACE((5,6,7));
#3573=IFCINDEXEDPOLYGONALFACE((8,5,7));
#3574=IFCINDEXEDPOLYGONALFACE((8,7,9));
#3575=IFCINDEXEDPOLYGONALFACE((9,10,11));
#3576=IFCINDEXEDPOLYGONALFACE((9,11,8));
#3577=IFCINDEXEDPOLYGONALFACE((4,3,12));
#3578=IFCINDEXEDPOLYGONALFACE((4,12,5));
#3579=IFCINDEXEDPOLYGONALFACE((4,5,8));
#3580=IFCINDEXEDPOLYGONALFACE((13,4,8));
#3581=IFCINDEXEDPOLYGONALFACE((8,14,13));
#3582=IFCINDEXEDPOLYGONALFACE((15,1,4));
#3583=IFCINDEXEDPOLYGONALFACE((15,4,13));
#3584=IFCINDEXEDPOLYGONALFACE((13,16,15));
#3585=IFCINDEXEDPOLYGONALFACE((17,9,7));
#3586=IFCINDEXEDPOLYGONALFACE((7,6,18));
#3587=IFCINDEXEDPOLYGONALFACE((18,17,7));
#3588=IFCPOLYGONALFACESET(#3569,.T.,(#3570,#3571,#3572,#3573,#3574,#3575,#3576,#3577,#3578,#3579,#3580,#3581,#3582,#3583,#3584,#3585,#3586,#3587),$);
#3589=IFCCARTESIANPOINTLIST3D(((4.5726,-6.5007,0.),(3.0736,-3.2629,0.),(5.3755,-2.1972,0.),(3.7213,1.3759,0.),(2.443202,4.13715,0.),(2.170952,4.01112,0.),(1.95835,4.46987,0.),(1.584026,5.278998,0.),(-0.1458,4.4781,0.),(-2.2096,3.522852,0.),(-1.970143,3.005577,0.),(-2.312343,2.846925,0.),(-5.110656,1.55177,0.),(-5.0909,1.5091,0.),(-3.6621,-1.5772,0.),(-3.278,-2.4068,0.),(-2.0297,-5.1032,0.),(-1.7209,-5.7701,0.),(-0.3316,-8.7712,0.),(1.9522,-7.7139,0.),(4.5726,-6.5007,0.2),(3.0736,-3.2629,0.2),(5.3755,-2.1972,0.2),(3.7213,1.3759,0.2),(2.443202,4.13715,0.2),(2.170952,4.01112,0.2),(1.95835,4.46987,0.2),(1.584026,5.278998,0.2),(-0.1458,4.4781,0.2),(-2.2096,3.522852,0.2),(-1.970143,3.005577,0.2),(-2.312343,2.846925,0.2),(-5.110656,1.55177,0.2),(-5.0909,1.5091,0.2),(-3.6621,-1.5772,0.2),(-3.278,-2.4068,0.2),(-2.0297,-5.1032,0.2),(-1.7209,-5.7701,0.2),(-0.3316,-8.7712,0.2),(1.9522,-7.7139,0.2)));
#3590=IFCINDEXEDPOLYGONALFACE((20,19,18,17,16,15,14,13,12,11,10,9,8,7,6,5,4,3,2,1));
#3591=IFCINDEXEDPOLYGONALFACE((21,22,23,24,25,26,27,28,29,30,31,32,33,34,35,36,37,38,39,40));
#3592=IFCINDEXEDPOLYGONALFACE((1,2,22,21));
#3593=IFCINDEXEDPOLYGONALFACE((2,3,23,22));
#3594=IFCINDEXEDPOLYGONALFACE((3,4,24,23));
#3595=IFCINDEXEDPOLYGONALFACE((4,5,25,24));
#3596=IFCINDEXEDPOLYGONALFACE((5,6,26,25));
#3597=IFCINDEXEDPOLYGONALFACE((6,7,27,26));
#3598=IFCINDEXEDPOLYGONALFACE((7,8,28,27));
#3599=IFCINDEXEDPOLYGONALFACE((8,9,29,28));
#3600=IFCINDEXEDPOLYGONALFACE((9,10,30,29));
#3601=IFCINDEXEDPOLYGONALFACE((10,11,31,30));
#3602=IFCINDEXEDPOLYGONALFACE((11,12,32,31));
#3603=IFCINDEXEDPOLYGONALFACE((12,13,33,32));
#3604=IFCINDEXEDPOLYGONALFACE((13,14,34,33));
#3605=IFCINDEXEDPOLYGONALFACE((14,15,35,34));
#3606=IFCINDEXEDPOLYGONALFACE((15,16,36,35));
#3607=IFCINDEXEDPOLYGONALFACE((16,17,37,36));
#3608=IFCINDEXEDPOLYGONALFACE((17,18,38,37));
#3609=IFCINDEXEDPOLYGONALFACE((18,19,39,38));
#3610=IFCINDEXEDPOLYGONALFACE((19,20,40,39));
#3611=IFCINDEXEDPOLYGONALFACE((20,1,21,40));
#3612=IFCPOLYGONALFACESET(#3589,.T.,(#3590,#3591,#3592,#3593,#3594,#3595,#3596,#3597,#3598,#3599,#3600,#3601,#3602,#3603,#3604,#3605,#3606,#3607,#3608,#3609,#3610,#3611),$);
#3613=IFCCARTESIANPOINTLIST3D(((4.5726,-6.5007,2.6),(3.0736,-3.2629,2.6),(5.3755,-2.1972,2.6),(3.7213,1.3759,2.6),(2.443202,4.13715,2.6),(2.170952,4.01112,2.6),(1.95835,4.46987,2.6),(1.584026,5.278998,2.6),(-0.1458,4.4781,2.6),(-2.2096,3.522852,2.6),(-1.970143,3.005577,2.6),(-2.312343,2.846925,2.6),(-5.110656,1.55177,2.6),(-5.0909,1.5091,2.6),(-3.6621,-1.5772,2.6),(-3.278,-2.4068,2.6),(-2.0297,-5.1032,2.6),(-1.7209,-5.7701,2.6),(-0.3316,-8.7712,2.6),(1.9522,-7.7139,2.6),(4.5726,-6.5007,2.8),(3.0736,-3.2629,2.8),(5.3755,-2.1972,2.8),(3.7213,1.3759,2.8),(2.443202,4.13715,2.8),(2.170952,4.01112,2.8),(1.95835,4.46987,2.8),(1.584026,5.278998,2.8),(-0.1458,4.4781,2.8),(-2.2096,3.522852,2.8),(-1.970143,3.005577,2.8),(-2.312343,2.846925,2.8),(-5.110656,1.55177,2.8),(-5.0909,1.5091,2.8),(-3.6621,-1.5772,2.8),(-3.278,-2.4068,2.8),(-2.0297,-5.1032,2.8),(-1.7209,-5.7701,2.8),(-0.3316,-8.7712,2.8),(1.9522,-7.7139,2.8)));
#3614=IFCINDEXEDPOLYGONALFACE((20,19,18,17,16,15,14,13,12,11,10,9,8,7,6,5,4,3,2,1));
#3615=IFCINDEXEDPOLYGONALFACE((21,22,23,24,25,26,27,28,29,30,31,32,33,34,35,36,37,38,39,40));
#3616=IFCINDEXEDPOLYGONALFACE((1,2,22,21));
#3617=IFCINDEXEDPOLYGONALFACE((2,3,23,22));
#3618=IFCINDEXEDPOLYGONALFACE((3,4,24,23));
#3619=IFCINDEXEDPOLYGONALFACE((4,5,25,24));
#3620=IFCINDEXEDPOLYGONALFACE((5,6,26,25));
#3621=IFCINDEXEDPOLYGONALFACE((6,7,27,26));
#3622=IFCINDEXEDPOLYGONALFACE((7,8,28,27));
#3623=IFCINDEXEDPOLYGONALFACE((8,9,29,28));
#3624=IFCINDEXEDPOLYGONALFACE((9,10,30,29));
#3625=IFCINDEXEDPOLYGONALFACE((10,11,31,30));
#3626=IFCINDEXEDPOLYGONALFACE((11,12,32,31));
#3627=IFCINDEXEDPOLYGONALFACE((12,13,33,32));
#3628=IFCINDEXEDPOLYGONALFACE((13,14,34,33));
#3629=IFCINDEXEDPOLYGONALFACE((14,15,35,34));
#3630=IFCINDEXEDPOLYGONALFACE((15,16,36,35));
#3631=IFCINDEXEDPOLYGONALFACE((16,17,37,36));
#3632=IFCINDEXEDPOLYGONALFACE((17,18,38,37));
#3633=IFCINDEXEDPOLYGONALFACE((18,19,39,38));
#3634=IFCINDEXEDPOLYGONALFACE((19,20,40,39));
#3635=IFCINDEXEDPOLYGONALFACE((20,1,21,40));
#3636=IFCPOLYGONALFACESET(#3613,.T.,(#3614,#3615,#3616,#3617,#3618,#3619,#3620,#3621,#3622,#3623,#3624,#3625,#3626,#3627,#3628,#3629,#3630,#3631,#3632,#3633,#3634,#3635),$);
#3637=IFCCARTESIANPOINTLIST3D(((4.5726,-6.5007,5.0964),(3.0736,-3.2629,5.0964),(5.3755,-2.1972,5.0964),(3.7213,1.3759,5.0964),(2.443202,4.13715,5.0964),(2.170952,4.01112,5.0964),(1.95835,4.46987,5.0964),(1.584026,5.278998,5.0964),(-0.1458,4.4781,5.0964),(-2.2096,3.522852,5.0964),(-1.970143,3.005577,5.0964),(-2.312343,2.846925,5.0964),(-5.110656,1.55177,5.0964),(-5.0909,1.5091,5.0964),(-3.6621,-1.5772,5.0964),(-3.278,-2.4068,5.0964),(-2.0297,-5.1032,5.0964),(-1.7209,-5.7701,5.0964),(-0.3316,-8.7712,5.0964),(1.9522,-7.7139,5.0964),(4.5726,-6.5007,5.2964),(3.0736,-3.2629,5.2964),(5.3755,-2.1972,5.2964),(3.7213,1.3759,5.2964),(2.443202,4.13715,5.2964),(2.170952,4.01112,5.2964),(1.95835,4.46987,5.2964),(1.584026,5.278998,5.2964),(-0.1458,4.4781,5.2964),(-2.2096,3.522852,5.2964),(-1.970143,3.005577,5.2964),(-2.312343,2.846925,5.2964),(-5.110656,1.55177,5.2964),(-5.0909,1.5091,5.2964),(-3.6621,-1.5772,5.2964),(-3.278,-2.4068,5.2964),(-2.0297,-5.1032,5.2964),(-1.7209,-5.7701,5.2964),(-0.3316,-8.7712,5.2964),(1.9522,-7.7139,5.2964)));
#3638=IFCINDEXEDPOLYGONALFACE((20,19,18,17,16,15,14,13,12,11,10,9,8,7,6,5,4,3,2,1));
#3639=IFCINDEXEDPOLYGONALFACE((21,22,23,24,25,26,27,28,29,30,31,32,33,34,35,36,37,38,39,40));
#3640=IFCINDEXEDPOLYGONALFACE((1,2,22,21));
#3641=IFCINDEXEDPOLYGONALFACE((2,3,23,22));
#3642=IFCINDEXEDPOLYGONALFACE((3,4,24,23));
#3643=IFCINDEXEDPOLYGONALFACE((4,5,25,24));
#3644=IFCINDEXEDPOLYGONALFACE((5,6,26,25));
#3645=IFCINDEXEDPOLYGONALFACE((6,7,27,26));
#3646=IFCINDEXEDPOLYGONALFACE((7,8,28,27));
#3647=IFCINDEXEDPOLYGONALFACE((8,9,29,28));
#3648=IFCINDEXEDPOLYGONALFACE((9,10,30,29));
#3649=IFCINDEXEDPOLYGONALFACE((10,11,31,30));
#3650=IFCINDEXEDPOLYGONALFACE((11,12,32,31));
#3651=IFCINDEXEDPOLYGONALFACE((12,13,33,32));
#3652=IFCINDEXEDPOLYGONALFACE((13,14,34,33));
#3653=IFCINDEXEDPOLYGONALFACE((14,15,35,34));
#3654=IFCINDEXEDPOLYGONALFACE((15,16,36,35));
#3655=IFCINDEXEDPOLYGONALFACE((16,17,37,36));
#3656=IFCINDEXEDPOLYGONALFACE((17,18,38,37));
#3657=IFCINDEXEDPOLYGONALFACE((18,19,39,38));
#3658=IFCINDEXEDPOLYGONALFACE((19,20,40,39));
#3659=IFCINDEXEDPOLYGONALFACE((20,1,21,40));
#3660=IFCPOLYGONALFACESET(#3637,.T.,(#3638,#3639,#3640,#3641,#3642,#3643,#3644,#3645,#3646,#3647,#3648,#3649,#3650,#3651,#3652,#3653,#3654,#3655,#3656,#3657,#3658,#3659),$);
#3661=IFCCARTESIANPOINTLIST3D(((5.239375,-2.260215,5.0964),(3.585231,1.313066,7.4096),(1.720113,5.342094,5.0964),(5.511625,-2.134185,5.0964),(3.857481,1.439096,7.4096),(1.992363,5.468124,5.0964)));
#3662=IFCINDEXEDPOLYGONALFACE((3,2,1));
#3663=IFCINDEXEDPOLYGONALFACE((4,5,6));
#3664=IFCINDEXEDPOLYGONALFACE((1,2,5,4));
#3665=IFCINDEXEDPOLYGONALFACE((2,3,6,5));
#3666=IFCINDEXEDPOLYGONALFACE((1,3,6,4));
#3667=IFCPOLYGONALFACESET(#3661,.T.,(#3662,#3663,#3664,#3665,#3666),$);
#3668=IFCCARTESIANPOINTLIST3D(((1.919015,5.268775,5.0964),(-0.08293,4.342034,6.8622),(-5.287261,1.932845,5.0964),(1.792985,5.541025,5.0964),(-0.20896,4.614285,6.8622),(-5.413291,2.205095,5.0964)));
#3669=IFCINDEXEDPOLYGONALFACE((3,2,1));
#3670=IFCINDEXEDPOLYGONALFACE((4,5,6));
#3671=IFCINDEXEDPOLYGONALFACE((1,2,5,4));
#3672=IFCINDEXEDPOLYGONALFACE((2,3,6,5));
#3673=IFCINDEXEDPOLYGONALFACE((1,3,6,4));
#3674=IFCPOLYGONALFACESET(#3668,.T.,(#3669,#3670,#3671,#3672,#3673),$);
#3675=IFCCARTESIANPOINTLIST3D(((-5.213875,2.131815,5.0964),(-3.525997,-1.514338,7.4096),(-3.141984,-2.343884,6.8622),(-0.195654,-8.708545,5.0964),(-5.486125,2.005785,5.0964),(-3.798247,-1.640368,7.4096),(-3.414234,-2.469914,6.8622),(-0.467904,-8.834575,5.0964)));
#3676=IFCINDEXEDPOLYGONALFACE((4,3,2,1));
#3677=IFCINDEXEDPOLYGONALFACE((5,6,7,8));
#3678=IFCINDEXEDPOLYGONALFACE((1,2,6,5));
#3679=IFCINDEXEDPOLYGONALFACE((2,3,7,6));
#3680=IFCINDEXEDPOLYGONALFACE((3,4,8,7));
#3681=IFCINDEXEDPOLYGONALFACE((1,4,8,5));
#3682=IFCPOLYGONALFACESET(#3675,.T.,(#3676,#3677,#3678,#3679,#3680,#3681),$);
#3683=IFCCARTESIANPOINTLIST3D(((-0.394615,-8.635075,5.0964),(1.88929,-7.577809,6.8622),(4.509787,-6.364728,5.0964),(-0.268585,-8.907325,5.0964),(2.01532,-7.85006,6.8622),(4.635817,-6.636979,5.0964)));
#3684=IFCINDEXEDPOLYGONALFACE((3,2,1));
#3685=IFCINDEXEDPOLYGONALFACE((4,5,6));
#3686=IFCINDEXEDPOLYGONALFACE((1,2,5,4));
#3687=IFCINDEXEDPOLYGONALFACE((2,3,6,5));
#3688=IFCINDEXEDPOLYGONALFACE((1,3,6,4));
#3689=IFCPOLYGONALFACESET(#3683,.T.,(#3684,#3685,#3686,#3687,#3688),$);
#3690=IFCCARTESIANPOINTLIST3D(((4.708725,-6.437685,0.),(3.209808,-3.199725,0.),(2.937558,-3.325755,0.),(4.436475,-6.563715,0.),(4.708725,-6.437685,2.6),(3.209808,-3.199725,2.6),(2.937558,-3.325755,2.6),(4.436475,-6.563715,2.6)));
#3691=IFCINDEXEDPOLYGONALFACE((4,3,2,1));
#3692=IFCINDEXEDPOLYGONALFACE((5,6,7,8));
#3693=IFCINDEXEDPOLYGONALFACE((1,2,6,5));
#3694=IFCINDEXEDPOLYGONALFACE((2,3,7,6));
#3695=IFCINDEXEDPOLYGONALFACE((3,4,8,7));
#3696=IFCINDEXEDPOLYGONALFACE((4,1,5,8));
#3697=IFCPOLYGONALFACESET(#3690,.T.,(#3691,#3692,#3693,#3694,#3695,#3696),$);
#3698=IFCCARTESIANPOINTLIST3D(((3.136615,-3.399025,0.),(5.43858,-2.333399,0.),(5.31255,-2.061149,0.),(3.010585,-3.126775,0.),(3.136615,-3.399025,2.6),(5.43858,-2.333399,2.6),(5.31255,-2.061149,2.6),(3.010585,-3.126775,2.6)));
#3699=IFCINDEXEDPOLYGONALFACE((4,3,2,1));
#3700=IFCINDEXEDPOLYGONALFACE((5,6,7,8));
#3701=IFCINDEXEDPOLYGONALFACE((1,2,6,5));
#3702=IFCINDEXEDPOLYGONALFACE((2,3,7,6));
#3703=IFCINDEXEDPOLYGONALFACE((3,4,8,7));
#3704=IFCINDEXEDPOLYGONALFACE((4,1,5,8));
#3705=IFCPOLYGONALFACESET(#3698,.T.,(#3699,#3700,#3701,#3702,#3703,#3704),$);
#3706=IFCCARTESIANPOINTLIST3D(((5.511625,-2.134185,0.),(2.579327,4.200165,0.),(2.307077,4.074135,0.),(1.720113,5.342094,0.),(1.447863,5.216064,0.),(2.034827,3.948105,0.),(2.307077,4.074135,0.),(5.239375,-2.260215,0.),(5.511625,-2.134185,2.6),(2.579327,4.200165,2.6),(2.307077,4.074135,2.6),(1.720113,5.342094,2.6),(1.447863,5.216064,2.6),(2.034827,3.948105,2.6),(2.307077,4.074135,2.6),(5.239375,-2.260215,2.6)));
#3707=IFCINDEXEDPOLYGONALFACE((8,7,6,5,4,3,2,1));
#3708=IFCINDEXEDPOLYGONALFACE((9,10,11,12,13,14,15,16));
#3709=IFCINDEXEDPOLYGONALFACE((1,2,10,9));
#3710=IFCINDEXEDPOLYGONALFACE((2,3,11,10));
#3711=IFCINDEXEDPOLYGONALFACE((3,4,12,11));
#3712=IFCINDEXEDPOLYGONALFACE((4,5,13,12));
#3713=IFCINDEXEDPOLYGONALFACE((5,6,14,13));
#3714=IFCINDEXEDPOLYGONALFACE((6,7,15,14));
#3715=IFCINDEXEDPOLYGONALFACE((7,8,16,15));
#3716=IFCINDEXEDPOLYGONALFACE((8,1,9,16));
#3717=IFCPOLYGONALFACESET(#3706,.T.,(#3707,#3708,#3709,#3710,#3711,#3712,#3713,#3714,#3715,#3716),$);
#3718=IFCCARTESIANPOINTLIST3D(((1.792985,5.541025,0.),(-2.272615,3.658977,0.),(-2.033158,3.141702,0.),(-5.173834,1.68782,0.),(-5.047804,1.41557,0.),(-1.907128,2.869452,0.),(-2.146585,3.386727,0.),(1.919015,5.268775,0.),(1.792985,5.541025,2.6),(-2.272615,3.658977,2.6),(-2.033158,3.141702,2.6),(-5.173834,1.68782,2.6),(-5.047804,1.41557,2.6),(-1.907128,2.869452,2.6),(-2.146585,3.386727,2.6),(1.919015,5.268775,2.6)));
#3719=IFCINDEXEDPOLYGONALFACE((8,7,6,5,4,3,2,1));
#3720=IFCINDEXEDPOLYGONALFACE((9,10,11,12,13,14,15,16));
#3721=IFCINDEXEDPOLYGONALFACE((1,2,10,9));
#3722=IFCINDEXEDPOLYGONALFACE((2,3,11,10));
#3723=IFCINDEXEDPOLYGONALFACE((3,4,12,11));
#3724=IFCINDEXEDPOLYGONALFACE((4,5,13,12));
#3725=IFCINDEXEDPOLYGONALFACE((5,6,14,13));
#3726=IFCINDEXEDPOLYGONALFACE((6,7,15,14));
#3727=IFCINDEXEDPOLYGONALFACE((7,8,16,15));
#3728=IFCINDEXEDPOLYGONALFACE((8,1,9,16));
#3729=IFCPOLYGONALFACESET(#3718,.T.,(#3719,#3720,#3721,#3722,#3723,#3724,#3725,#3726,#3727,#3728),$);
#3730=IFCCARTESIANPOINTLIST3D(((-5.486125,2.005785,0.),(-0.467904,-8.834575,0.),(-0.195654,-8.708545,0.),(-5.213875,2.131815,0.),(-5.486125,2.005785,2.6),(-0.467904,-8.834575,2.6),(-0.195654,-8.708545,2.6),(-5.213875,2.131815,2.6)));
#3731=IFCINDEXEDPOLYGONALFACE((4,3,2,1));
#3732=IFCINDEXEDPOLYGONALFACE((5,6,7,8));
#3733=IFCINDEXEDPOLYGONALFACE((1,2,6,5));
#3734=IFCINDEXEDPOLYGONALFACE((2,3,7,6));
#3735=IFCINDEXEDPOLYGONALFACE((3,4,8,7));
#3736=IFCINDEXEDPOLYGONALFACE((4,1,5,8));
#3737=IFCPOLYGONALFACESET(#3730,.T.,(#3731,#3732,#3733,#3734,#3735,#3736),$);
#3738=IFCCARTESIANPOINTLIST3D(((4.708725,-6.437685,2.6),(3.209808,-3.199725,2.6),(2.937558,-3.325755,2.6),(4.436475,-6.563715,2.6),(4.708725,-6.437685,5.0964),(3.209808,-3.199725,5.0964),(2.937558,-3.325755,5.0964),(4.436475,-6.563715,5.0964)));
#3739=IFCINDEXEDPOLYGONALFACE((4,3,2,1));
#3740=IFCINDEXEDPOLYGONALFACE((5,6,7,8));
#3741=IFCINDEXEDPOLYGONALFACE((1,2,6,5));
#3742=IFCINDEXEDPOLYGONALFACE((2,3,7,6));
#3743=IFCINDEXEDPOLYGONALFACE((3,4,8,7));
#3744=IFCINDEXEDPOLYGONALFACE((4,1,5,8));
#3745=IFCPOLYGONALFACESET(#3738,.T.,(#3739,#3740,#3741,#3742,#3743,#3744),$);
#3746=IFCCARTESIANPOINTLIST3D(((3.136615,-3.399025,2.6),(5.43858,-2.333399,2.6),(5.31255,-2.061149,2.6),(3.010585,-3.126775,2.6),(3.136615,-3.399025,5.0964),(5.43858,-2.333399,5.0964),(5.31255,-2.061149,5.0964),(3.010585,-3.126775,5.0964)));
#3747=IFCINDEXEDPOLYGONALFACE((4,3,2,1));
#3748=IFCINDEXEDPOLYGONALFACE((5,6,7,8));
#3749=IFCINDEXEDPOLYGONALFACE((1,2,6,5));
#3750=IFCINDEXEDPOLYGONALFACE((2,3,7,6));
#3751=IFCINDEXEDPOLYGONALFACE((3,4,8,7));
#3752=IFCINDEXEDPOLYGONALFACE((4,1,5,8));
#3753=IFCPOLYGONALFACESET(#3746,.T.,(#3747,#3748,#3749,#3750,#3751,#3752),$);
#3754=IFCCARTESIANPOINTLIST3D(((5.511625,-2.134185,2.6),(2.579327,4.200165,2.6),(2.307077,4.074135,2.6),(1.720113,5.342094,2.6),(1.447863,5.216064,2.6),(2.034827,3.948105,2.6),(2.307077,4.074135,2.6),(5.239375,-2.260215,2.6),(5.511625,-2.134185,5.0964),(2.579327,4.200165,5.0964),(2.307077,4.074135,5.0964),(1.720113,5.342094,5.0964),(1.447863,5.216064,5.0964),(2.034827,3.948105,5.0964),(2.307077,4.074135,5.0964),(5.239375,-2.260215,5.0964)));
#3755=IFCINDEXEDPOLYGONALFACE((8,7,6,5,4,3,2,1));
#3756=IFCINDEXEDPOLYGONALFACE((9,10,11,12,13,14,15,16));
#3757=IFCINDEXEDPOLYGONALFACE((1,2,10,9));
#3758=IFCINDEXEDPOLYGONALFACE((2,3,11,10));
#3759=IFCINDEXEDPOLYGONALFACE((3,4,12,11));
#3760=IFCINDEXEDPOLYGONALFACE((4,5,13,12));
#3761=IFCINDEXEDPOLYGONALFACE((5,6,14,13));
#3762=IFCINDEXEDPOLYGONALFACE((6,7,15,14));
#3763=IFCINDEXEDPOLYGONALFACE((7,8,16,15));
#3764=IFCINDEXEDPOLYGONALFACE((8,1,9,16));
#3765=IFCPOLYGONALFACESET(#3754,.T.,(#3755,#3756,#3757,#3758,#3759,#3760,#3761,#3762,#3763,#3764),$);
#3766=IFCCARTESIANPOINTLIST3D(((1.792985,5.541025,2.6),(-2.272615,3.658977,2.6),(-2.033158,3.141702,2.6),(-5.173834,1.68782,2.6),(-5.047804,1.41557,2.6),(-1.907128,2.869452,2.6),(-2.146585,3.386727,2.6),(1.919015,5.268775,2.6),(1.792985,5.541025,5.0964),(-2.272615,3.658977,5.0964),(-2.033158,3.141702,5.0964),(-5.173834,1.68782,5.0964),(-5.047804,1.41557,5.0964),(-1.907128,2.869452,5.0964),(-2.146585,3.386727,5.0964),(1.919015,5.268775,5.0964)));
#3767=IFCINDEXEDPOLYGONALFACE((8,7,6,5,4,3,2,1));
#3768=IFCINDEXEDPOLYGONALFACE((9,10,11,12,13,14,15,16));
#3769=IFCINDEXEDPOLYGONALFACE((1,2,10,9));
#3770=IFCINDEXEDPOLYGONALFACE((2,3,11,10));
#3771=IFCINDEXEDPOLYGONALFACE((3,4,12,11));
#3772=IFCINDEXEDPOLYGONALFACE((4,5,13,12));
#3773=IFCINDEXEDPOLYGONALFACE((5,6,14,13));
#3774=IFCINDEXEDPOLYGONALFACE((6,7,15,14));
#3775=IFCINDEXEDPOLYGONALFACE((7,8,16,15));
#3776=IFCINDEXEDPOLYGONALFACE((8,1,9,16));
#3777=IFCPOLYGONALFACESET(#3766,.T.,(#3767,#3768,#3769,#3770,#3771,#3772,#3773,#3774,#3775,#3776),$);
#3778=IFCCARTESIANPOINTLIST3D(((-5.486125,2.005785,2.6),(-0.467904,-8.834575,2.6),(-0.195654,-8.708545,2.6),(-5.213875,2.131815,2.6),(-5.486125,2.005785,5.0964),(-0.467904,-8.834575,5.0964),(-0.195654,-8.708545,5.0964),(-5.213875,2.131815,5.0964)));
#3779=IFCINDEXEDPOLYGONALFACE((4,3,2,1));
#3780=IFCINDEXEDPOLYGONALFACE((5,6,7,8));
#3781=IFCINDEXEDPOLYGONALFACE((1,2,6,5));
#3782=IFCINDEXEDPOLYGONALFACE((2,3,7,6));
#3783=IFCINDEXEDPOLYGONALFACE((3,4,8,7));
#3784=IFCINDEXEDPOLYGONALFACE((4,1,5,8));
#3785=IFCPOLYGONALFACESET(#3778,.T.,(#3779,#3780,#3781,#3782,#3783,#3784),$);
#3786=IFCCARTESIANPOINTLIST3D(((-0.268585,-8.907325,0.),(4.635817,-6.636979,0.),(4.509787,-6.364728,0.),(-0.394615,-8.635075,0.),(-0.268585,-8.907325,2.6),(4.635817,-6.636979,2.6),(4.509787,-6.364728,2.6),(-0.394615,-8.635075,2.6)));
#3787=IFCINDEXEDPOLYGONALFACE((4,3,2,1));
#3788=IFCINDEXEDPOLYGONALFACE((5,6,7,8));
#3789=IFCINDEXEDPOLYGONALFACE((1,2,6,5));
#3790=IFCINDEXEDPOLYGONALFACE((2,3,7,6));
#3791=IFCINDEXEDPOLYGONALFACE((3,4,8,7));
#3792=IFCINDEXEDPOLYGONALFACE((4,1,5,8));
#3793=IFCPOLYGONALFACESET(#3786,.T.,(#3787,#3788,#3789,#3790,#3791,#3792),$);
#3794=IFCCARTESIANPOINTLIST3D(((-0.268585,-8.907325,2.6),(4.635817,-6.636979,2.6),(4.509787,-6.364728,2.6),(-0.394615,-8.635075,2.6),(-0.268585,-8.907325,5.0964),(4.635817,-6.636979,5.0964),(4.509787,-6.364728,5.0964),(-0.394615,-8.635075,5.0964)));
#3795=IFCINDEXEDPOLYGONALFACE((4,3,2,1));
#3796=IFCINDEXEDPOLYGONALFACE((5,6,7,8));
#3797=IFCINDEXEDPOLYGONALFACE((1,2,6,5));
#3798=IFCINDEXEDPOLYGONALFACE((2,3,7,6));
#3799=IFCINDEXEDPOLYGONALFACE((3,4,8,7));
#3800=IFCINDEXEDPOLYGONALFACE((4,1,5,8));
#3801=IFCPOLYGONALFACESET(#3794,.T.,(#3795,#3796,#3797,#3798,#3799,#3800),$);
#3802=IFCCARTESIANPOINTLIST3D(((1.9522,-7.7139,6.8622),(4.5726,-6.5007,5.0964),(3.0736,-3.2629,5.0964),(-0.5603,-1.5199,6.7556),(3.7213,1.3759,7.4096),(2.2306,4.5959,5.0964),(1.1744,1.2378,6.9481),(-3.6621,-1.5772,7.4096),(-2.5518,3.3642,5.0964),(-5.35,2.0688,5.0964),(-5.0909,1.5091,5.0964),(5.3755,-2.1972,5.0964),(-2.0297,-5.1032,5.0964),(-3.278,-2.4068,6.8622),(-0.3316,-8.7712,5.0964),(-1.7209,-5.7701,5.0964),(-0.1458,4.4781,6.8622),(1.856,5.4049,5.0964)));
#3803=IFCINDEXEDPOLYGONALFACE((1,2,3));
#3804=IFCINDEXEDPOLYGONALFACE((3,4,1));
#3805=IFCINDEXEDPOLYGONALFACE((5,6,7));
#3806=IFCINDEXEDPOLYGONALFACE((8,5,7));
#3807=IFCINDEXEDPOLYGONALFACE((8,7,9));
#3808=IFCINDEXEDPOLYGONALFACE((9,10,11));
#3809=IFCINDEXEDPOLYGONALFACE((9,11,8));
#3810=IFCINDEXEDPOLYGONALFACE((4,3,12));
#3811=IFCINDEXEDPOLYGONALFACE((4,12,5));
#3812=IFCINDEXEDPOLYGONALFACE((4,5,8));
#3813=IFCINDEXEDPOLYGONALFACE((13,4,8));
#3814=IFCINDEXEDPOLYGONALFACE((8,14,13));
#3815=IFCINDEXEDPOLYGONALFACE((15,1,4));
#3816=IFCINDEXEDPOLYGONALFACE((15,4,13));
#3817=IFCINDEXEDPOLYGONALFACE((13,16,15));
#3818=IFCINDEXEDPOLYGONALFACE((17,9,7));
#3819=IFCINDEXEDPOLYGONALFACE((7,6,18));
#3820=IFCINDEXEDPOLYGONALFACE((18,17,7));
#3821=IFCPOLYGONALFACESET(#3802,.T.,(#3803,#3804,#3805,#3806,#3807,#3808,#3809,#3810,#3811,#3812,#3813,#3814,#3815,#3816,#3817,#3818,#3819,#3820),$);
#3822=IFCCARTESIANPOINTLIST3D(((4.5726,-6.5007,0.),(3.0736,-3.2629,0.),(5.3755,-2.1972,0.),(3.7213,1.3759,0.),(2.443202,4.13715,0.),(2.170952,4.01112,0.),(1.95835,4.46987,0.),(1.584026,5.278998,0.),(-0.1458,4.4781,0.),(-2.2096,3.522852,0.),(-1.970143,3.005577,0.),(-2.312343,2.846925,0.),(-5.110656,1.55177,0.),(-5.0909,1.5091,0.),(-3.6621,-1.5772,0.),(-3.278,-2.4068,0.),(-2.0297,-5.1032,0.),(-1.7209,-5.7701,0.),(-0.3316,-8.7712,0.),(1.9522,-7.7139,0.),(4.5726,-6.5007,0.2),(3.0736,-3.2629,0.2),(5.3755,-2.1972,0.2),(3.7213,1.3759,0.2),(2.443202,4.13715,0.2),(2.170952,4.01112,0.2),(1.95835,4.46987,0.2),(1.584026,5.278998,0.2),(-0.1458,4.4781,0.2),(-2.2096,3.522852,0.2),(-1.970143,3.005577,0.2),(-2.312343,2.846925,0.2),(-5.110656,1.55177,0.2),(-5.0909,1.5091,0.2),(-3.6621,-1.5772,0.2),(-3.278,-2.4068,0.2),(-2.0297,-5.1032,0.2),(-1.7209,-5.7701,0.2),(-0.3316,-8.7712,0.2),(1.9522,-7.7139,0.2)));
#3823=IFCINDEXEDPOLYGONALFACE((20,19,18,17,16,15,14,13,12,11,10,9,8,7,6,5,4,3,2,1));
#3824=IFCINDEXEDPOLYGONALFACE((21,22,23,24,25,26,27,28,29,30,31,32,33,34,35,36,37,38,39,40));
#3825=IFCINDEXEDPOLYGONALFACE((1,2,22,21));
#3826=IFCINDEXEDPOLYGONALFACE((2,3,23,22));
#3827=IFCINDEXEDPOLYGONALFACE((3,4,24,23));
#3828=IFCINDEXEDPOLYGONALFACE((4,5,25,24));
#3829=IFCINDEXEDPOLYGONALFACE((5,6,26,25));
#3830=IFCINDEXEDPOLYGONALFACE((6,7,27,26));
#3831=IFCINDEXEDPOLYGONALFACE((7,8,28,27));
#3832=IFCINDEXEDPOLYGONALFACE((8,9,29,28));
#3833=IFCINDEXEDPOLYGONALFACE((9,10,30,29));
#3834=IFCINDEXEDPOLYGONALFACE((10,11,31,30));
#3835=IFCINDEXEDPOLYGONALFACE((11,12,32,31));
#3836=IFCINDEXEDPOLYGONALFACE((12,13,33,32));
#3837=IFCINDEXEDPOLYGONALFACE((13,14,34,33));
#3838=IFCINDEXEDPOLYGONALFACE((14,15,35,34));
#3839=IFCINDEXEDPOLYGONALFACE((15,16,36,35));
#3840=IFCINDEXEDPOLYGONALFACE((16,17,37,36));
#3841=IFCINDEXEDPOLYGONALFACE((17,18,38,37));
#3842=IFCINDEXEDPOLYGONALFACE((18,19,39,38));
#3843=IFCINDEXEDPOLYGONALFACE((19,20,40,39));
#3844=IFCINDEXEDPOLYGONALFACE((20,1,21,40));
#3845=IFCPOLYGONALFACESET(#3822,.T.,(#3823,#3824,#3825,#3826,#3827,#3828,#3829,#3830,#3831,#3832,#3833,#3834,#3835,#3836,#3837,#3838,#3839,#3840,#3841,#3842,#3843,#3844),$);
#3846=IFCCARTESIANPOINTLIST3D(((4.5726,-6.5007,2.6),(3.0736,-3.2629,2.6),(5.3755,-2.1972,2.6),(3.7213,1.3759,2.6),(2.443202,4.13715,2.6),(2.170952,4.01112,2.6),(1.95835,4.46987,2.6),(1.584026,5.278998,2.6),(-0.1458,4.4781,2.6),(-2.2096,3.522852,2.6),(-1.970143,3.005577,2.6),(-2.312343,2.846925,2.6),(-5.110656,1.55177,2.6),(-5.0909,1.5091,2.6),(-3.6621,-1.5772,2.6),(-3.278,-2.4068,2.6),(-2.0297,-5.1032,2.6),(-1.7209,-5.7701,2.6),(-0.3316,-8.7712,2.6),(1.9522,-7.7139,2.6),(4.5726,-6.5007,2.8),(3.0736,-3.2629,2.8),(5.3755,-2.1972,2.8),(3.7213,1.3759,2.8),(2.443202,4.13715,2.8),(2.170952,4.01112,2.8),(1.95835,4.46987,2.8),(1.584026,5.278998,2.8),(-0.1458,4.4781,2.8),(-2.2096,3.522852,2.8),(-1.970143,3.005577,2.8),(-2.312343,2.846925,2.8),(-5.110656,1.55177,2.8),(-5.0909,1.5091,2.8),(-3.6621,-1.5772,2.8),(-3.278,-2.4068,2.8),(-2.0297,-5.1032,2.8),(-1.7209,-5.7701,2.8),(-0.3316,-8.7712,2.8),(1.9522,-7.7139,2.8)));
#3847=IFCINDEXEDPOLYGONALFACE((20,19,18,17,16,15,14,13,12,11,10,9,8,7,6,5,4,3,2,1));
#3848=IFCINDEXEDPOLYGONALFACE((21,22,23,24,25,26,27,28,29,30,31,32,33,34,35,36,37,38,39,40));
#3849=IFCINDEXEDPOLYGONALFACE((1,2,22,21));
#3850=IFCINDEXEDPOLYGONALFACE((2,3,23,22));
#3851=IFCINDEXEDPOLYGONALFACE((3,4,24,23));
#3852=IFCINDEXEDPOLYGONALFACE((4,5,25,24));
#3853=IFCINDEXEDPOLYGONALFACE((5,6,26,25));
#3854=IFCINDEXEDPOLYGONALFACE((6,7,27,26));
#3855=IFCINDEXEDPOLYGONALFACE((7,8,28,27));
#3856=IFCINDEXEDPOLYGONALFACE((8,9,29,28));
#3857=IFCINDEXEDPOLYGONALFACE((9,10,30,29));
#3858=IFCINDEXEDPOLYGONALFACE((10,11,31,30));
#3859=IFCINDEXEDPOLYGONALFACE((11,12,32,31));
#3860=IFCINDEXEDPOLYGONALFACE((12,13,33,32));
#3861=IFCINDEXEDPOLYGONALFACE((13,14,34,33));
#3862=IFCINDEXEDPOLYGONALFACE((14,15,35,34));
#3863=IFCINDEXEDPOLYGONALFACE((15,16,36,35));
#3864=IFCINDEXEDPOLYGONALFACE((16,17,37,36));
#3865=IFCINDEXEDPOLYGONALFACE((17,18,38,37));
#3866=IFCINDEXEDPOLYGONALFACE((18,19,39,38));
#3867=IFCINDEXEDPOLYGONALFACE((19,20,40,39));
#3868=IFCINDEXEDPOLYGONALFACE((20,1,21,40));
#3869=IFCPOLYGONALFACESET(#3846,.T.,(#3847,#3848,#3849,#3850,#3851,#3852,#3853,#3854,#3855,#3856,#3857,#3858,#3859,#3860,#3861,#3862,#3863,#3864,#3865,#3866,#3867,#3868),$);
#3870=IFCCARTESIANPOINTLIST3D(((4.5726,-6.5007,5.0964),(3.0736,-3.2629,5.0964),(5.3755,-2.1972,5.0964),(3.7213,1.3759,5.0964),(2.443202,4.13715,5.0964),(2.170952,4.01112,5.0964),(1.95835,4.46987,5.0964),(1.584026,5.278998,5.0964),(-0.1458,4.4781,5.0964),(-2.2096,3.522852,5.0964),(-1.970143,3.005577,5.0964),(-2.312343,2.846925,5.0964),(-5.110656,1.55177,5.0964),(-5.0909,1.5091,5.0964),(-3.6621,-1.5772,5.0964),(-3.278,-2.4068,5.0964),(-2.0297,-5.1032,5.0964),(-1.7209,-5.7701,5.0964),(-0.3316,-8.7712,5.0964),(1.9522,-7.7139,5.0964),(4.5726,-6.5007,5.2964),(3.0736,-3.2629,5.2964),(5.3755,-2.1972,5.2964),(3.7213,1.3759,5.2964),(2.443202,4.13715,5.2964),(2.170952,4.01112,5.2964),(1.95835,4.46987,5.2964),(1.584026,5.278998,5.2964),(-0.1458,4.4781,5.2964),(-2.2096,3.522852,5.2964),(-1.970143,3.005577,5.2964),(-2.312343,2.846925,5.2964),(-5.110656,1.55177,5.2964),(-5.0909,1.5091,5.2964),(-3.6621,-1.5772,5.2964),(-3.278,-2.4068,5.2964),(-2.0297,-5.1032,5.2964),(-1.7209,-5.7701,5.2964),(-0.3316,-8.7712,5.2964),(1.9522,-7.7139,5.2964)));
#3871=IFCINDEXEDPOLYGONALFACE((20,19,18,17,16,15,14,13,12,11,10,9,8,7,6,5,4,3,2,1));
#3872=IFCINDEXEDPOLYGONALFACE((21,22,23,24,25,26,27,28,29,30,31,32,33,34,35,36,37,38,39,40));
#3873=IFCINDEXEDPOLYGONALFACE((1,2,22,21));
#3874=IFCINDEXEDPOLYGONALFACE((2,3,23,22));
#3875=IFCINDEXEDPOLYGONALFACE((3,4,24,23));
#3876=IFCINDEXEDPOLYGONALFACE((4,5,25,24));
#3877=IFCINDEXEDPOLYGONALFACE((5,6,26,25));
#3878=IFCINDEXEDPOLYGONALFACE((6,7,27,26));
#3879=IFCINDEXEDPOLYGONALFACE((7,8,28,27));
#3880=IFCINDEXEDPOLYGONALFACE((8,9,29,28));
#3881=IFCINDEXEDPOLYGONALFACE((9,10,30,29));
#3882=IFCINDEXEDPOLYGONALFACE((10,11,31,30));
#3883=IFCINDEXEDPOLYGONALFACE((11,12,32,31));
#3884=IFCINDEXEDPOLYGONALFACE((12,13,33,32));
#3885=IFCINDEXEDPOLYGONALFACE((13,14,34,33));
#3886=IFCINDEXEDPOLYGONALFACE((14,15,35,34));
#3887=IFCINDEXEDPOLYGONALFACE((15,16,36,35));
#3888=IFCINDEXEDPOLYGONALFACE((16,17,37,36));
#3889=IFCINDEXEDPOLYGONALFACE((17,18,38,37));
#3890=IFCINDEXEDPOLYGONALFACE((18,19,39,38));
#3891=IFCINDEXEDPOLYGONALFACE((19,20,40,39));
#3892=IFCINDEXEDPOLYGONALFACE((20,1,21,40));
#3893=IFCPOLYGONALFACESET(#3870,.T.,(#3871,#3872,#3873,#3874,#3875,#3876,#3877,#3878,#3879,#3880,#3881,#3882,#3883,#3884,#3885,#3886,#3887,#3888,#3889,#3890,#3891,#3892),$);
#3894=IFCCARTESIANPOINTLIST3D(((5.239375,-2.260215,5.0964),(3.585231,1.313066,7.4096),(1.720113,5.342094,5.0964),(5.511625,-2.134185,5.0964),(3.857481,1.439096,7.4096),(1.992363,5.468124,5.0964)));
#3895=IFCINDEXEDPOLYGONALFACE((3,2,1));
#3896=IFCINDEXEDPOLYGONALFACE((4,5,6));
#3897=IFCINDEXEDPOLYGONALFACE((1,2,5,4));
#3898=IFCINDEXEDPOLYGONALFACE((2,3,6,5));
#3899=IFCINDEXEDPOLYGONALFACE((1,3,6,4));
#3900=IFCPOLYGONALFACESET(#3894,.T.,(#3895,#3896,#3897,#3898,#3899),$);
#3901=IFCCARTESIANPOINTLIST3D(((1.919015,5.268775,5.0964),(-0.08293,4.342034,6.8622),(-5.287261,1.932845,5.0964),(1.792985,5.541025,5.0964),(-0.20896,4.614285,6.8622),(-5.413291,2.205095,5.0964)));
#3902=IFCINDEXEDPOLYGONALFACE((3,2,1));
#3903=IFCINDEXEDPOLYGONALFACE((4,5,6));
#3904=IFCINDEXEDPOLYGONALFACE((1,2,5,4));
#3905=IFCINDEXEDPOLYGONALFACE((2,3,6,5));
#3906=IFCINDEXEDPOLYGONALFACE((1,3,6,4));
#3907=IFCPOLYGONALFACESET(#3901,.T.,(#3902,#3903,#3904,#3905,#3906),$);
#3908=IFCCARTESIANPOINTLIST3D(((-5.213875,2.131815,5.0964),(-3.525997,-1.514338,7.4096),(-3.141984,-2.343884,6.8622),(-0.195654,-8.708545,5.0964),(-5.486125,2.005785,5.0964),(-3.798247,-1.640368,7.4096),(-3.414234,-2.469914,6.8622),(-0.467904,-8.834575,5.0964)));
#3909=IFCINDEXEDPOLYGONALFACE((4,3,2,1));
#3910=IFCINDEXEDPOLYGONALFACE((5,6,7,8));
#3911=IFCINDEXEDPOLYGONALFACE((1,2,6,5));
#3912=IFCINDEXEDPOLYGONALFACE((2,3,7,6));
#3913=IFCINDEXEDPOLYGONALFACE((3,4,8,7));
#3914=IFCINDEXEDPOLYGONALFACE((1,4,8,5));
#3915=IFCPOLYGONALFACESET(#3908,.T.,(#3909,#3910,#3911,#3912,#3913,#3914),$);
#3916=IFCCARTESIANPOINTLIST3D(((-0.394615,-8.635075,5.0964),(1.88929,-7.577809,6.8622),(4.509787,-6.364728,5.0964),(-0.268585,-8.907325,5.0964),(2.01532,-7.85006,6.8622),(4.635817,-6.636979,5.0964)));
#3917=IFCINDEXEDPOLYGONALFACE((3,2,1));
#3918=IFCINDEXEDPOLYGONALFACE((4,5,6));
#3919=IFCINDEXEDPOLYGONALFACE((1,2,5,4));
#3920=IFCINDEXEDPOLYGONALFACE((2,3,6,5));
#3921=IFCINDEXEDPOLYGONALFACE((1,3,6,4));
#3922=IFCPOLYGONALFACESET(#3916,.T.,(#3917,#3918,#3919,#3920,#3921),$);
#3923=IFCCARTESIANPOINTLIST3D(((4.708725,-6.437685,0.),(3.209808,-3.199725,0.),(2.937558,-3.325755,0.),(4.436475,-6.563715,0.),(4.708725,-6.437685,2.6),(3.209808,-3.199725,2.6),(2.937558,-3.325755,2.6),(4.436475,-6.563715,2.6)));
#3924=IFCINDEXEDPOLYGONALFACE((4,3,2,1));
#3925=IFCINDEXEDPOLYGONALFACE((5,6,7,8));
#3926=IFCINDEXEDPOLYGONALFACE((1,2,6,5));
#3927=IFCINDEXEDPOLYGONALFACE((2,3,7,6));
#3928=IFCINDEXEDPOLYGONALFACE((3,4,8,7));
#3929=IFCINDEXEDPOLYGONALFACE((4,1,5,8));
#3930=IFCPOLYGONALFACESET(#3923,.T.,(#3924,#3925,#3926,#3927,#3928,#3929),$);
#3931=IFCCARTESIANPOINTLIST3D(((3.136615,-3.399025,0.),(5.43858,-2.333399,0.),(5.31255,-2.061149,0.),(3.010585,-3.126775,0.),(3.136615,-3.399025,2.6),(5.43858,-2.333399,2.6),(5.31255,-2.061149,2.6),(3.010585,-3.126775,2.6)));
#3932=IFCINDEXEDPOLYGONALFACE((4,3,2,1));
#3933=IFCINDEXEDPOLYGONALFACE((5,6,7,8));
#3934=IFCINDEXEDPOLYGONALFACE((1,2,6,5));
#3935=IFCINDEXEDPOLYGONALFACE((2,3,7,6));
#3936=IFCINDEXEDPOLYGONALFACE((3,4,8,7));
#3937=IFCINDEXEDPOLYGONALFACE((4,1,5,8));
#3938=IFCPOLYGONALFACESET(#3931,.T.,(#3932,#3933,#3934,#3935,#3936,#3937),$);
#3939=IFCCARTESIANPOINTLIST3D(((5.511625,-2.134185,0.),(2.579327,4.200165,0.),(2.307077,4.074135,0.),(1.720113,5.342094,0.),(1.447863,5.216064,0.),(2.034827,3.948105,0.),(2.307077,4.074135,0.),(5.239375,-2.260215,0.),(5.511625,-2.134185,2.6),(2.579327,4.200165,2.6),(2.307077,4.074135,2.6),(1.720113,5.342094,2.6),(1.447863,5.216064,2.6),(2.034827,3.948105,2.6),(2.307077,4.074135,2.6),(5.239375,-2.260215,2.6)));
#3940=IFCINDEXEDPOLYGONALFACE((8,7,6,5,4,3,2,1));
#3941=IFCINDEXEDPOLYGONALFACE((9,10,11,12,13,14,15,16));
#3942=IFCINDEXEDPOLYGONALFACE((1,2,10,9));
#3943=IFCINDEXEDPOLYGONALFACE((2,3,11,10));
#3944=IFCINDEXEDPOLYGONALFACE((3,4,12,11));
#3945=IFCINDEXEDPOLYGONALFACE((4,5,13,12));
#3946=IFCINDEXEDPOLYGONALFACE((5,6,14,13));
#3947=IFCINDEXEDPOLYGONALFACE((6,7,15,14));
#3948=IFCINDEXEDPOLYGONALFACE((7,8,16,15));
#3949=IFCINDEXEDPOLYGONALFACE((8,1,9,16));
#3950=IFCPOLYGONALFACESET(#3939,.T.,(#3940,#3941,#3942,#3943,#3944,#3945,#3946,#3947,#3948,#3949),$);
#3951=IFCCARTESIANPOINTLIST3D(((1.792985,5.541025,0.),(-2.272615,3.658977,0.),(-2.033158,3.141702,0.),(-5.173834,1.68782,0.),(-5.047804,1.41557,0.),(-1.907128,2.869452,0.),(-2.146585,3.386727,0.),(1.919015,5.268775,0.),(1.792985,5.541025,2.6),(-2.272615,3.658977,2.6),(-2.033158,3.141702,2.6),(-5.173834,1.68782,2.6),(-5.047804,1.41557,2.6),(-1.907128,2.869452,2.6),(-2.146585,3.386727,2.6),(1.919015,5.268775,2.6)));
#3952=IFCINDEXEDPOLYGONALFACE((8,7,6,5,4,3,2,1));
#3953=IFCINDEXEDPOLYGONALFACE((9,10,11,12,13,14,15,16));
#3954=IFCINDEXEDPOLYGONALFACE((1,2,10,9));
#3955=IFCINDEXEDPOLYGONALFACE((2,3,11,10));
#3956=IFCINDEXEDPOLYGONALFACE((3,4,12,11));
#3957=IFCINDEXEDPOLYGONALFACE((4,5,13,12));
#3958=IFCINDEXEDPOLYGONALFACE((5,6,14,13));
#3959=IFCINDEXEDPOLYGONALFACE((6,7,15,14));
#3960=IFCINDEXEDPOLYGONALFACE((7,8,16,15));
#3961=IFCINDEXEDPOLYGONALFACE((8,1,9,16));
#3962=IFCPOLYGONALFACESET(#3951,.T.,(#3952,#3953,#3954,#3955,#3956,#3957,#3958,#3959,#3960,#3961),$);
#3963=IFCCARTESIANPOINTLIST3D(((-5.486125,2.005785,0.),(-0.467904,-8.834575,0.),(-0.195654,-8.708545,0.),(-5.213875,2.131815,0.),(-5.486125,2.005785,2.6),(-0.467904,-8.834575,2.6),(-0.195654,-8.708545,2.6),(-5.213875,2.131815,2.6)));
#3964=IFCINDEXEDPOLYGONALFACE((4,3,2,1));
#3965=IFCINDEXEDPOLYGONALFACE((5,6,7,8));
#3966=IFCINDEXEDPOLYGONALFACE((1,2,6,5));
#3967=IFCINDEXEDPOLYGONALFACE((2,3,7,6));
#3968=IFCINDEXEDPOLYGONALFACE((3,4,8,7));
#3969=IFCINDEXEDPOLYGONALFACE((4,1,5,8));
#3970=IFCPOLYGONALFACESET(#3963,.T.,(#3964,#3965,#3966,#3967,#3968,#3969),$);
#3971=IFCCARTESIANPOINTLIST3D(((4.708725,-6.437685,2.6),(3.209808,-3.199725,2.6),(2.937558,-3.325755,2.6),(4.436475,-6.563715,2.6),(4.708725,-6.437685,5.0964),(3.209808,-3.199725,5.0964),(2.937558,-3.325755,5.0964),(4.436475,-6.563715,5.0964)));
#3972=IFCINDEXEDPOLYGONALFACE((4,3,2,1));
#3973=IFCINDEXEDPOLYGONALFACE((5,6,7,8));
#3974=IFCINDEXEDPOLYGONALFACE((1,2,6,5));
#3975=IFCINDEXEDPOLYGONALFACE((2,3,7,6));
#3976=IFCINDEXEDPOLYGONALFACE((3,4,8,7));
#3977=IFCINDEXEDPOLYGONALFACE((4,1,5,8));
#3978=IFCPOLYGONALFACESET(#3971,.T.,(#3972,#3973,#3974,#3975,#3976,#3977),$);
#3979=IFCCARTESIANPOINTLIST3D(((3.136615,-3.399025,2.6),(5.43858,-2.333399,2.6),(5.31255,-2.061149,2.6),(3.010585,-3.126775,2.6),(3.136615,-3.399025,5.0964),(5.43858,-2.333399,5.0964),(5.31255,-2.061149,5.0964),(3.010585,-3.126775,5.0964)));
#3980=IFCINDEXEDPOLYGONALFACE((4,3,2,1));
#3981=IFCINDEXEDPOLYGONALFACE((5,6,7,8));
#3982=IFCINDEXEDPOLYGONALFACE((1,2,6,5));
#3983=IFCINDEXEDPOLYGONALFACE((2,3,7,6));
#3984=IFCINDEXEDPOLYGONALFACE((3,4,8,7));
#3985=IFCINDEXEDPOLYGONALFACE((4,1,5,8));
#3986=IFCPOLYGONALFACESET(#3979,.T.,(#3980,#3981,#3982,#3983,#3984,#3985),$);
#3987=IFCCARTESIANPOINTLIST3D(((5.511625,-2.134185,2.6),(2.579327,4.200165,2.6),(2.307077,4.074135,2.6),(1.720113,5.342094,2.6),(1.447863,5.216064,2.6),(2.034827,3.948105,2.6),(2.307077,4.074135,2.6),(5.239375,-2.260215,2.6),(5.511625,-2.134185,5.0964),(2.579327,4.200165,5.0964),(2.307077,4.074135,5.0964),(1.720113,5.342094,5.0964),(1.447863,5.216064,5.0964),(2.034827,3.948105,5.0964),(2.307077,4.074135,5.0964),(5.239375,-2.260215,5.0964)));
#3988=IFCINDEXEDPOLYGONALFACE((8,7,6,5,4,3,2,1));
#3989=IFCINDEXEDPOLYGONALFACE((9,10,11,12,13,14,15,16));
#3990=IFCINDEXEDPOLYGONALFACE((1,2,10,9));
#3991=IFCINDEXEDPOLYGONALFACE((2,3,11,10));
#3992=IFCINDEXEDPOLYGONALFACE((3,4,12,11));
#3993=IFCINDEXEDPOLYGONALFACE((4,5,13,12));
#3994=IFCINDEXEDPOLYGONALFACE((5,6,14,13));
#3995=IFCINDEXEDPOLYGONALFACE((6,7,15,14));
#3996=IFCINDEXEDPOLYGONALFACE((7,8,16,15));
#3997=IFCINDEXEDPOLYGONALFACE((8,1,9,16));
#3998=IFCPOLYGONALFACESET(#3987,.T.,(#3988,#3989,#3990,#3991,#3992,#3993,#3994,#3995,#3996,#3997),$);
#3999=IFCCARTESIANPOINTLIST3D(((1.792985,5.541025,2.6),(-2.272615,3.658977,2.6),(-2.033158,3.141702,2.6),(-5.173834,1.68782,2.6),(-5.047804,1.41557,2.6),(-1.907128,2.869452,2.6),(-2.146585,3.386727,2.6),(1.919015,5.268775,2.6),(1.792985,5.541025,5.0964),(-2.272615,3.658977,5.0964),(-2.033158,3.141702,5.0964),(-5.173834,1.68782,5.0964),(-5.047804,1.41557,5.0964),(-1.907128,2.869452,5.0964),(-2.146585,3.386727,5.0964),(1.919015,5.268775,5.0964)));
#4000=IFCINDEXEDPOLYGONALFACE((8,7,6,5,4,3,2,1));
#4001=IFCINDEXEDPOLYGONALFACE((9,10,11,12,13,14,15,16));
#4002=IFCINDEXEDPOLYGONALFACE((1,2,10,9));
#4003=IFCINDEXEDPOLYGONALFACE((2,3,11,10));
#4004=IFCINDEXEDPOLYGONALFACE((3,4,12,11));
#4005=IFCINDEXEDPOLYGONALFACE((4,5,13,12));
#4006=IFCINDEXEDPOLYGONALFACE((5,6,14,13));
#4007=IFCINDEXEDPOLYGONALFACE((6,7,15,14));
#4008=IFCINDEXEDPOLYGONALFACE((7,8,16,15));
#4009=IFCINDEXEDPOLYGONALFACE((8,1,9,16));
#4010=IFCPOLYGONALFACESET(#3999,.T.,(#4000,#4001,#4002,#4003,#4004,#4005,#4006,#4007,#4008,#4009),$);
#4011=IFCCARTESIANPOINTLIST3D(((-5.486125,2.005785,2.6),(-0.467904,-8.834575,2.6),(-0.195654,-8.708545,2.6),(-5.213875,2.131815,2.6),(-5.486125,2.005785,5.0964),(-0.467904,-8.834575,5.0964),(-0.195654,-8.708545,5.0964),(-5.213875,2.131815,5.0964)));
#4012=IFCINDEXEDPOLYGONALFACE((4,3,2,1));
#4013=IFCINDEXEDPOLYGONALFACE((5,6,7,8));
#4014=IFCINDEXEDPOLYGONALFACE((1,2,6,5));
#4015=IFCINDEXEDPOLYGONALFACE((2,3,7,6));
#4016=IFCINDEXEDPOLYGONALFACE((3,4,8,7));
#4017=IFCINDEXEDPOLYGONALFACE((4,1,5,8));
#4018=IFCPOLYGONALFACESET(#4011,.T.,(#4012,#4013,#4014,#4015,#4016,#4017),$);
#4019=IFCCARTESIANPOINTLIST3D(((-0.268585,-8.907325,0.),(4.635817,-6.636979,0.),(4.509787,-6.364728,0.),(-0.394615,-8.635075,0.),(-0.268585,-8.907325,2.6),(4.635817,-6.636979,2.6),(4.509787,-6.364728,2.6),(-0.394615,-8.635075,2.6)));
#4020=IFCINDEXEDPOLYGONALFACE((4,3,2,1));
#4021=IFCINDEXEDPOLYGONALFACE((5,6,7,8));
#4022=IFCINDEXEDPOLYGONALFACE((1,2,6,5));
#4023=IFCINDEXEDPOLYGONALFACE((2,3,7,6));
#4024=IFCINDEXEDPOLYGONALFACE((3,4,8,7));
#4025=IFCINDEXEDPOLYGONALFACE((4,1,5,8));
#4026=IFCPOLYGONALFACESET(#4019,.T.,(#4020,#4021,#4022,#4023,#4024,#4025),$);
#4027=IFCCARTESIANPOINTLIST3D(((-0.268585,-8.907325,2.6),(4.635817,-6.636979,2.6),(4.509787,-6.364728,2.6),(-0.394615,-8.635075,2.6),(-0.268585,-8.907325,5.0964),(4.635817,-6.636979,5.0964),(4.509787,-6.364728,5.0964),(-0.394615,-8.635075,5.0964)));
#4028=IFCINDEXEDPOLYGONALFACE((4,3,2,1));
#4029=IFCINDEXEDPOLYGONALFACE((5,6,7,8));
#4030=IFCINDEXEDPOLYGONALFACE((1,2,6,5));
#4031=IFCINDEXEDPOLYGONALFACE((2,3,7,6));
#4032=IFCINDEXEDPOLYGONALFACE((3,4,8,7));
#4033=IFCINDEXEDPOLYGONALFACE((4,1,5,8));
#4034=IFCPOLYGONALFACESET(#4027,.T.,(#4028,#4029,#4030,#4031,#4032,#4033),$);
#4035=IFCCARTESIANPOINT((0.13242197036743164,-1.7461011409759521,1.600000023841858));
#4036=IFCDIRECTION((0.,0.,1.));
#4037=IFCDIRECTION((0.9281293749809265,0.37225785851478577,0.));
#4038=IFCAXIS2PLACEMENT3D(#4035,#4036,#4037);
#4039=IFCLOCALPLACEMENT($,#4038);
#4040=IFCCARTESIANPOINT((-24.999999999999996,-25.,-50.));
#4041=IFCAXIS2PLACEMENT3D(#4040,$,$);
#4042=IFCBLOCK(#4041,49.99999999999999,50.,50.);
#4043=IFCCSGSOLID(#4042);
#4044=IFCSHAPEREPRESENTATION(#11,'Body','CSG',(#4043));
#4045=IFCCARTESIANPOINT((0.13242197036743164,-1.7461011409759521,4.199999809265137));
#4046=IFCDIRECTION((0.,0.,1.));
#4047=IFCDIRECTION((0.9281293749809265,0.37225785851478577,0.));
#4048=IFCAXIS2PLACEMENT3D(#4045,#4046,#4047);
#4049=IFCLOCALPLACEMENT($,#4048);
#4050=IFCCARTESIANPOINT((-24.999999999999996,-25.,-50.));
#4051=IFCAXIS2PLACEMENT3D(#4050,$,$);
#4052=IFCBLOCK(#4051,49.99999999999999,50.,50.);
#4053=IFCCSGSOLID(#4052);
#4054=IFCSHAPEREPRESENTATION(#11,'Body','CSG',(#4053));
#4055=IFCCARTESIANPOINT((-16.667577743530273,34.653900146484375,3.200000047683716));
#4056=IFCDIRECTION((-0.4190581738948822,0.9079594016075134,-1.6292068494294654E-07));
#4057=IFCDIRECTION((-0.9079594016075134,-0.4190581738948822,3.866578168754131E-08));
#4058=IFCAXIS2PLACEMENT3D(#4055,#4056,#4057);
#4059=IFCLOCALPLACEMENT($,#4058);
#4060=IFCCARTESIANPOINT((-24.999999999999996,-25.,-100.));
#4061=IFCAXIS2PLACEMENT3D(#4060,$,$);
#4062=IFCBLOCK(#4061,49.99999999999999,50.,100.);
#4063=IFCCSGSOLID(#4062);
#4064=IFCSHAPEREPRESENTATION(#11,'Body','CSG',(#4063));
#4065=IFCCARTESIANPOINT((-36.267578125,-18.546100616455078,3.200000047683716));
#4066=IFCDIRECTION((-0.9079594612121582,-0.4190579950809479,-1.6292068494294654E-07));
#4067=IFCDIRECTION((0.4190579950809479,-0.9079594612121582,8.093217473970071E-08));
#4068=IFCAXIS2PLACEMENT3D(#4065,#4066,#4067);
#4069=IFCLOCALPLACEMENT($,#4068);
#4070=IFCCARTESIANPOINT((-24.999999999999996,-25.,-100.));
#4071=IFCAXIS2PLACEMENT3D(#4070,$,$);
#4072=IFCBLOCK(#4071,49.99999999999999,50.,100.);
#4073=IFCCSGSOLID(#4072);
#4074=IFCSHAPEREPRESENTATION(#11,'Body','CSG',(#4073));
#4075=IFCCARTESIANPOINT((16.93242073059082,-38.14610290527344,3.200000047683716));
#4076=IFCDIRECTION((0.4190582036972046,-0.9079594016075134,-1.6292068494294654E-07));
#4077=IFCDIRECTION((0.9079594016075134,0.4190582036972046,-2.0582811899316766E-08));
#4078=IFCAXIS2PLACEMENT3D(#4075,#4076,#4077);
#4079=IFCLOCALPLACEMENT($,#4078);
#4080=IFCCARTESIANPOINT((-24.999999999999996,-25.,-100.));
#4081=IFCAXIS2PLACEMENT3D(#4080,$,$);
#4082=IFCBLOCK(#4081,49.99999999999999,50.,100.);
#4083=IFCCSGSOLID(#4082);
#4084=IFCSHAPEREPRESENTATION(#11,'Body','CSG',(#4083));
#4085=IFCCARTESIANPOINT((36.53242492675781,15.053897857666016,3.200000047683716));
#4086=IFCDIRECTION((0.9079594016075134,0.4190581738948822,-1.6292068494294654E-07));
#4087=IFCDIRECTION((-0.4190581738948822,0.9079594016075134,3.550178462319309E-08));
#4088=IFCAXIS2PLACEMENT3D(#4085,#4086,#4087);
#4089=IFCLOCALPLACEMENT($,#4088);
#4090=IFCCARTESIANPOINT((-24.999999999999996,-25.,-100.));
#4091=IFCAXIS2PLACEMENT3D(#4090,$,$);
#4092=IFCBLOCK(#4091,49.99999999999999,50.,100.);
#4093=IFCCSGSOLID(#4092);
#4094=IFCSHAPEREPRESENTATION(#11,'Body','CSG',(#4093));
#4095=IFCCARTESIANPOINT((-31.553335189819336,9.92759895324707,24.641489028930664));
#4096=IFCDIRECTION((-0.7921438813209534,0.2918426990509033,0.5360372066497803));
#4097=IFCDIRECTION((-0.345705509185791,-0.9383430480957031,9.269385259358387E-08));
#4098=IFCAXIS2PLACEMENT3D(#4095,#4096,#4097);
#4099=IFCLOCALPLACEMENT($,#4098);
#4100=IFCCARTESIANPOINT((-24.999999999999996,-25.,-100.));
#4101=IFCAXIS2PLACEMENT3D(#4100,$,$);
#4102=IFCBLOCK(#4101,49.99999999999999,50.,100.);
#4103=IFCCSGSOLID(#4102);
#4104=IFCSHAPEREPRESENTATION(#11,'Body','CSG',(#4103));
ENDSEC;
END-ISO-10303-21;
